date,type,visitors,arrived,left,customer,isRealDate,reason
2025-12-04T17:46:23.652+01:00,CHECKIN,1,1,0,a2e2b,true,
2025-12-04T17:46:41.667+01:00,CHECKIN,2,1,0,f680a,true,
2025-12-04T17:47:50.067+01:00,CHECKIN,3,1,0,78077,true,
2025-12-04T17:48:43.373+01:00,CHECKIN,4,1,0,e9690,true,
2025-12-04T17:48:49.878+01:00,CHECKIN,5,1,0,643ee,true,
2025-12-04T17:49:50.458+01:00,CHECKIN,6,1,0,c311b,true,
2025-12-04T17:49:54.43+01:00,CHECKIN,7,1,0,95f7a,true,
2025-12-04T17:52:37.804+01:00,CHECKIN,8,1,0,20f80,true,
2025-12-04T17:53:31.415+01:00,CHECKIN,9,1,0,71ebc,true,
2025-12-04T17:54:37.825+01:00,CHECKIN,10,1,0,6819a,true,
2025-12-04T17:55:16.637+01:00,CHECKIN,11,1,0,3798c,true,
2025-12-04T17:55:25.008+01:00,CHECKIN,12,1,0,1e2f0,true,
2025-12-04T17:55:39.965+01:00,CHECKIN,13,1,0,f2554,true,
2025-12-04T18:03:06.733+01:00,CHECKIN,14,1,0,465b5,true,
2025-12-04T18:06:44.69+01:00,CHECKIN,15,1,0,1982a,true,
2025-12-04T18:08:13.866+01:00,CHECKIN,16,1,0,cd19f,true,
2025-12-04T18:09:36.715+01:00,CHECKIN,17,1,0,4f434,true,
2025-12-04T18:10:08.775+01:00,CHECKIN,18,1,0,1460c,true,
2025-12-04T18:12:16.257+01:00,CHECKIN,19,1,0,0c77c,true,
2025-12-04T18:12:32.791+01:00,CHECKIN,20,1,0,b8f5c,true,
2025-12-04T18:21:54.244+01:00,CHECKIN,21,1,0,8cace,true,
2025-12-04T18:22:32.789+01:00,CHECKIN,22,1,0,3f979,true,
2025-12-04T18:23:55.143+01:00,CHECKIN,23,1,0,81dba,true,
2025-12-04T18:24:40.729+01:00,CHECKIN,24,1,0,78c97,true,
2025-12-04T18:28:10.008+01:00,CHECKIN,25,1,0,243d6,true,
2025-12-04T18:31:38.514+01:00,CHECKIN,26,1,0,5af10,true,
2025-12-04T18:31:46.496+01:00,CHECKIN,27,1,0,c22ef,true,
2025-12-04T18:34:15.049+01:00,CHECKIN,28,1,0,c2488,true,
2025-12-04T18:48:43.07+01:00,CHECKIN,29,1,0,dfd6d,true,
2025-12-04T18:51:05.331+01:00,CHECKIN,30,1,0,fe2cb,true,
2025-12-04T18:51:22.79+01:00,CHECKIN,31,1,0,2de36,true,
2025-12-04T18:56:39.956+01:00,CHECKIN,32,1,0,62c0f,true,
2025-12-04T18:58:11.399+01:00,CHECKIN,33,1,0,3a8e1,true,
2025-12-04T18:59:52.145+01:00,CHECKIN,34,1,0,02440,true,
2025-12-04T19:00:54.209+01:00,CHECKIN,35,1,0,12ae4,true,
2025-12-04T19:02:29.819+01:00,CHECKIN,36,1,0,466ee,true,
2025-12-04T19:02:54.365+01:00,CHECKIN,37,1,0,45462,true,
2025-12-04T19:06:00.643+01:00,CHECKIN,38,1,0,5e00f,true,
2025-12-04T19:08:13.026+01:00,CHECKIN,39,1,0,4048c,true,
2025-12-04T19:14:35.391+01:00,CHECKIN,40,1,0,e9ef5,true,
2025-12-04T19:14:36.775+01:00,CHECKIN,41,1,0,ee774,true,
2025-12-04T19:15:27.514+01:00,CHECKIN,42,1,0,02db1,true,
2025-12-04T19:15:42.979+01:00,CHECKIN,43,1,0,04af8,true,
2025-12-04T19:21:42.694+01:00,CHECKIN,44,1,0,7c7ab,true,
2025-12-04T19:23:46.621+01:00,CHECKIN,45,1,0,b2079,true,
2025-12-04T19:32:26.673+01:00,CHECKIN,46,1,0,fd307,true,
2025-12-04T19:33:15.451+01:00,CHECKIN,47,1,0,46a2a,true,
2025-12-04T19:33:34.657+01:00,CHECKIN,48,1,0,d5491,true,
2025-12-04T19:35:26.682+01:00,CHECKIN,49,1,0,bc23e,true,
2025-12-04T19:44:19.336+01:00,CHECKIN,50,1,0,316a9,true,
2025-12-04T19:46:23.652+01:00,CHECKOUT,49,0,1,a2e2b,,
2025-12-04T19:46:41.667+01:00,CHECKOUT,48,0,1,f680a,,
2025-12-04T19:47:50.067+01:00,CHECKOUT,47,0,1,78077,,
2025-12-04T19:48:43.373+01:00,CHECKOUT,46,0,1,e9690,,
2025-12-04T19:48:49.878+01:00,CHECKOUT,45,0,1,643ee,,
2025-12-04T19:49:50.458+01:00,CHECKOUT,44,0,1,c311b,,
2025-12-04T19:49:54.43+01:00,CHECKOUT,43,0,1,95f7a,,
2025-12-04T19:52:37.804+01:00,CHECKOUT,42,0,1,20f80,,
2025-12-04T19:53:31.415+01:00,CHECKOUT,41,0,1,71ebc,,
2025-12-04T19:54:37.825+01:00,CHECKOUT,40,0,1,6819a,,
2025-12-04T19:55:16.637+01:00,CHECKOUT,39,0,1,3798c,,
2025-12-04T19:55:25.008+01:00,CHECKOUT,38,0,1,1e2f0,,
2025-12-04T19:55:39.965+01:00,CHECKOUT,37,0,1,f2554,,
2025-12-04T20:03:06.733+01:00,CHECKOUT,36,0,1,465b5,,
2025-12-04T20:05:23.889+01:00,CHECKIN,37,1,0,abecb,true,
2025-12-04T20:06:44.69+01:00,CHECKOUT,36,0,1,1982a,,
2025-12-04T20:08:13.866+01:00,CHECKOUT,35,0,1,cd19f,,
2025-12-04T20:09:36.715+01:00,CHECKOUT,34,0,1,4f434,,
2025-12-04T20:10:08.775+01:00,CHECKOUT,33,0,1,1460c,,
2025-12-04T20:12:16.257+01:00,CHECKOUT,32,0,1,0c77c,,
2025-12-04T20:12:32.723+01:00,CHECKIN,33,1,0,89077,true,
2025-12-04T20:12:32.791+01:00,CHECKOUT,32,0,1,b8f5c,,
2025-12-04T20:13:37.402+01:00,CHECKIN,33,1,0,b64b5,true,
2025-12-04T20:15:14.274+01:00,CHECKIN,34,1,0,8d0b8,true,
2025-12-04T20:21:54.244+01:00,CHECKOUT,33,0,1,8cace,,
2025-12-04T20:22:32.789+01:00,CHECKOUT,32,0,1,3f979,,
2025-12-04T20:23:55.143+01:00,CHECKOUT,31,0,1,81dba,,
2025-12-04T20:24:40.729+01:00,CHECKOUT,30,0,1,78c97,,
2025-12-04T20:28:10.008+01:00,CHECKOUT,29,0,1,243d6,,
2025-12-04T20:31:38.514+01:00,CHECKOUT,28,0,1,5af10,,
2025-12-04T20:31:46.496+01:00,CHECKOUT,27,0,1,c22ef,,
2025-12-04T20:34:15.049+01:00,CHECKOUT,26,0,1,c2488,,
2025-12-04T20:40:23.431+01:00,CHECKIN,27,1,0,0f83d,true,
2025-12-04T20:48:43.07+01:00,CHECKOUT,26,0,1,dfd6d,,
2025-12-04T20:51:05.331+01:00,CHECKOUT,25,0,1,fe2cb,,
2025-12-04T20:51:22.79+01:00,CHECKOUT,24,0,1,2de36,,
2025-12-04T20:56:39.956+01:00,CHECKOUT,23,0,1,62c0f,,
2025-12-04T20:58:11.399+01:00,CHECKOUT,22,0,1,3a8e1,,
2025-12-04T20:59:52.145+01:00,CHECKOUT,21,0,1,02440,,
2025-12-04T21:00:54.209+01:00,CHECKOUT,20,0,1,12ae4,,
2025-12-04T21:02:29.819+01:00,CHECKOUT,19,0,1,466ee,,
2025-12-04T21:02:54.365+01:00,CHECKOUT,18,0,1,45462,,
2025-12-04T21:06:00.643+01:00,CHECKOUT,17,0,1,5e00f,,
2025-12-04T21:08:13.026+01:00,CHECKOUT,16,0,1,4048c,,
2025-12-04T21:14:35.391+01:00,CHECKOUT,15,0,1,e9ef5,,
2025-12-04T21:14:36.775+01:00,CHECKOUT,14,0,1,ee774,,
2025-12-04T21:15:27.514+01:00,CHECKOUT,13,0,1,02db1,,
2025-12-04T21:15:42.979+01:00,CHECKOUT,12,0,1,04af8,,
2025-12-04T21:21:42.694+01:00,CHECKOUT,11,0,1,7c7ab,,
2025-12-04T21:23:46.621+01:00,CHECKOUT,10,0,1,b2079,,
2025-12-04T21:32:26.673+01:00,CHECKOUT,9,0,1,fd307,,
2025-12-04T21:33:15.451+01:00,CHECKOUT,8,0,1,46a2a,,
2025-12-04T21:33:34.657+01:00,CHECKOUT,7,0,1,d5491,,
2025-12-04T21:35:26.682+01:00,CHECKOUT,6,0,1,bc23e,,
2025-12-04T21:44:19.336+01:00,CHECKOUT,5,0,1,316a9,,
2025-12-04T21:53:50.255+01:00,CHECKIN,6,1,0,c048c,true,
2025-12-04T22:05:23.889+01:00,CHECKOUT,5,0,1,abecb,,
2025-12-04T22:12:32.723+01:00,CHECKOUT,4,0,1,89077,,
2025-12-04T22:13:37.402+01:00,CHECKOUT,3,0,1,b64b5,,
2025-12-04T22:15:14.274+01:00,CHECKOUT,2,0,1,8d0b8,,
2025-12-04T22:40:23.431+01:00,CHECKOUT,1,0,1,0f83d,,
2025-12-04T23:53:50.255+01:00,CHECKOUT,0,0,1,c048c,,
2025-12-05T06:00:34.453+01:00,CHECKIN,1,1,0,51092,true,
2025-12-05T06:09:47.966+01:00,CHECKIN,2,1,0,b9572,true,
2025-12-05T06:26:50.053+01:00,CHECKIN,3,1,0,d971c,true,
2025-12-05T07:15:58.387+01:00,CHECKIN,4,1,0,5f0dd,true,
2025-12-05T08:00:34.453+01:00,CHECKOUT,3,0,1,51092,,
2025-12-05T08:09:47.966+01:00,CHECKOUT,2,0,1,b9572,,
2025-12-05T08:17:36.427+01:00,CHECKIN,3,1,0,faac3,true,
2025-12-05T08:18:12.83+01:00,CHECKIN,4,1,0,4f79e,true,
2025-12-05T08:21:01.474+01:00,CHECKIN,5,1,0,,true,
2025-12-05T08:26:50.053+01:00,CHECKOUT,4,0,1,d971c,,
2025-12-05T09:15:58.387+01:00,CHECKOUT,3,0,1,5f0dd,,
2025-12-05T09:23:31.905+01:00,CHECKOUT,2,0,1,,,
2025-12-05T09:23:50.577+01:00,CHECKIN,3,1,0,cd848,true,
2025-12-05T09:45:33.323+01:00,CHECKIN,4,1,0,c03bd,true,
2025-12-05T09:45:45.249+01:00,CHECKIN,5,1,0,cfc44,true,
2025-12-05T09:55:38.231+01:00,CHECKIN,6,1,0,1b7df,true,
2025-12-05T09:57:34.659+01:00,CHECKIN,7,1,0,cbad9,true,
2025-12-05T10:01:11.04+01:00,CHECKIN,8,1,0,ea958,true,
2025-12-05T10:07:09.214+01:00,CHECKIN,9,1,0,,true,
2025-12-05T10:15:40.698+01:00,CHECKIN,10,1,0,efd2a,true,
2025-12-05T10:16:58.342+01:00,CHECKIN,11,1,0,388ca,true,
2025-12-05T10:17:36.427+01:00,CHECKOUT,10,0,1,faac3,,
2025-12-05T10:18:12.83+01:00,CHECKOUT,9,0,1,4f79e,,
2025-12-05T10:25:10.749+01:00,CHECKIN,10,1,0,df5d5,true,
2025-12-05T10:34:56.93+01:00,CHECKIN,11,1,0,e1b52,true,
2025-12-05T10:37:27.007+01:00,CHECKIN,12,1,0,4d0d3,true,
2025-12-05T10:37:28.836+01:00,CHECKIN,13,1,0,b6aed,true,
2025-12-05T10:39:41.936+01:00,CHECKIN,14,1,0,a6a2a,true,
2025-12-05T10:41:32.402+01:00,CHECKIN,15,1,0,04122,true,
2025-12-05T10:41:36.137+01:00,CHECKIN,16,1,0,801f8,true,
2025-12-05T10:48:46.083+01:00,CHECKIN,17,1,0,4d0d8,true,
2025-12-05T10:55:03.206+01:00,CHECKIN,18,1,0,,true,
2025-12-05T11:06:53.497+01:00,CHECKIN,19,1,0,156a2,true,
2025-12-05T11:07:11.723+01:00,CHECKIN,20,1,0,a34da,true,
2025-12-05T11:07:14.848+01:00,CHECKIN,21,1,0,a5832,true,
2025-12-05T11:23:50.577+01:00,CHECKOUT,20,0,1,cd848,,
2025-12-05T11:45:33.323+01:00,CHECKOUT,19,0,1,c03bd,,
2025-12-05T11:45:45.249+01:00,CHECKOUT,18,0,1,cfc44,,
2025-12-05T11:46:03.323+01:00,CHECKIN,19,1,0,b7962,true,
2025-12-05T11:52:33.343+01:00,CHECKOUT,18,0,1,,,
2025-12-05T11:53:12.164+01:00,CHECKIN,19,1,0,0cdd0,true,
2025-12-05T11:55:38.231+01:00,CHECKOUT,18,0,1,1b7df,,
2025-12-05T11:57:34.659+01:00,CHECKOUT,17,0,1,cbad9,,
2025-12-05T12:01:11.04+01:00,CHECKOUT,16,0,1,ea958,,
2025-12-05T12:04:49.335+01:00,CHECKIN,17,1,0,12768,true,
2025-12-05T12:04:51.125+01:00,CHECKIN,18,1,0,9ae81,true,
2025-12-05T12:06:26.721+01:00,CHECKIN,19,1,0,3538a,true,
2025-12-05T12:15:40.698+01:00,CHECKOUT,18,0,1,efd2a,,
2025-12-05T12:15:54.63+01:00,CHECKIN,19,1,0,,true,
2025-12-05T12:16:33.25+01:00,CHECKIN,20,1,0,7e8cd,true,
2025-12-05T12:16:58.342+01:00,CHECKOUT,19,0,1,388ca,,
2025-12-05T12:24:00.083+01:00,CHECKIN,20,1,0,78912,true,
2025-12-05T12:24:01.609+01:00,CHECKIN,21,1,0,a350a,true,
2025-12-05T12:24:09.296+01:00,CHECKIN,22,1,0,85ff4,true,
2025-12-05T12:24:53+01:00,CHECKIN,23,1,0,d3524,true,
2025-12-05T12:25:10.749+01:00,CHECKOUT,22,0,1,df5d5,,
2025-12-05T12:25:33.96+01:00,CHECKIN,23,1,0,0105c,true,
2025-12-05T12:28:44.775+01:00,CHECKOUT,22,0,1,,,
2025-12-05T12:34:56.93+01:00,CHECKOUT,21,0,1,e1b52,,
2025-12-05T12:36:06.89+01:00,CHECKIN,22,1,0,d4063,true,
2025-12-05T12:37:27.007+01:00,CHECKOUT,21,0,1,4d0d3,,
2025-12-05T12:37:28.836+01:00,CHECKOUT,20,0,1,b6aed,,
2025-12-05T12:39:41.936+01:00,CHECKOUT,19,0,1,a6a2a,,
2025-12-05T12:41:32.402+01:00,CHECKOUT,18,0,1,04122,,
2025-12-05T12:41:36.137+01:00,CHECKOUT,17,0,1,801f8,,
2025-12-05T12:44:10.977+01:00,CHECKIN,18,1,0,d9787,true,
2025-12-05T12:48:46.083+01:00,CHECKOUT,17,0,1,4d0d8,,
2025-12-05T13:06:53.497+01:00,CHECKOUT,16,0,1,156a2,,
2025-12-05T13:07:11.723+01:00,CHECKOUT,15,0,1,a34da,,
2025-12-05T13:07:14.848+01:00,CHECKOUT,14,0,1,a5832,,
2025-12-05T13:13:35.714+01:00,CHECKIN,15,1,0,4e7ab,true,
2025-12-05T13:46:03.323+01:00,CHECKOUT,14,0,1,b7962,,
2025-12-05T13:46:05.556+01:00,CHECKOUT,13,0,1,,,
2025-12-05T13:53:12.164+01:00,CHECKOUT,12,0,1,0cdd0,,
2025-12-05T13:56:00.925+01:00,CHECKIN,13,1,0,14db6,true,
2025-12-05T14:04:49.335+01:00,CHECKOUT,12,0,1,12768,,
2025-12-05T14:04:51.125+01:00,CHECKOUT,11,0,1,9ae81,,
2025-12-05T14:06:26.721+01:00,CHECKOUT,10,0,1,3538a,,
2025-12-05T14:09:52.096+01:00,CHECKIN,11,1,0,1280f,true,
2025-12-05T14:16:33.25+01:00,CHECKOUT,10,0,1,7e8cd,,
2025-12-05T14:24:00.083+01:00,CHECKOUT,9,0,1,78912,,
2025-12-05T14:24:01.609+01:00,CHECKOUT,8,0,1,a350a,,
2025-12-05T14:24:09.296+01:00,CHECKOUT,7,0,1,85ff4,,
2025-12-05T14:24:53+01:00,CHECKOUT,6,0,1,d3524,,
2025-12-05T14:25:21.177+01:00,CHECKIN,7,1,0,43cf7,true,
2025-12-05T14:25:33.96+01:00,CHECKOUT,6,0,1,0105c,,
2025-12-05T14:36:06.89+01:00,CHECKOUT,5,0,1,d4063,,
2025-12-05T14:38:20.952+01:00,CHECKIN,6,1,0,37cea,true,
2025-12-05T14:41:25.231+01:00,CHECKIN,7,1,0,6bbc1,true,
2025-12-05T14:44:10.977+01:00,CHECKOUT,6,0,1,d9787,,
2025-12-05T14:48:11.553+01:00,CHECKIN,7,1,0,0f929,true,
2025-12-05T14:50:56.098+01:00,CHECKIN,8,1,0,fc57b,true,
2025-12-05T14:56:22.5+01:00,CHECKIN,9,1,0,,true,
2025-12-05T14:57:03.729+01:00,CHECKOUT,8,0,1,,,
2025-12-05T15:02:31.189+01:00,CHECKIN,9,1,0,62db0,true,
2025-12-05T15:04:11.734+01:00,CHECKIN,10,1,0,0c123,true,
2025-12-05T15:07:28.251+01:00,CHECKIN,11,1,0,bb939,true,
2025-12-05T15:13:35.714+01:00,CHECKOUT,10,0,1,4e7ab,,
2025-12-05T15:31:44.104+01:00,CHECKIN,11,1,0,f7f10,true,
2025-12-05T15:34:26.575+01:00,CHECKIN,12,1,0,,true,
2025-12-05T15:34:28.989+01:00,CHECKIN,13,1,0,cd73f,true,
2025-12-05T15:56:00.925+01:00,CHECKOUT,12,0,1,14db6,,
2025-12-05T16:02:46.041+01:00,CHECKIN,13,1,0,f2be0,true,
2025-12-05T16:03:00.293+01:00,CHECKIN,14,1,0,56045,true,
2025-12-05T16:06:28.078+01:00,CHECKIN,15,1,0,ef6c5,true,
2025-12-05T16:09:52.096+01:00,CHECKOUT,14,0,1,1280f,,
2025-12-05T16:25:21.177+01:00,CHECKOUT,13,0,1,43cf7,,
2025-12-05T16:26:06.252+01:00,CHECKOUT,12,0,1,,,
2025-12-05T16:30:02.053+01:00,CHECKIN,13,1,0,37361,true,
2025-12-05T16:38:20.952+01:00,CHECKOUT,12,0,1,37cea,,
2025-12-05T16:41:25.231+01:00,CHECKOUT,11,0,1,6bbc1,,
2025-12-05T16:44:10.475+01:00,CHECKIN,12,1,0,0a08b,true,
2025-12-05T16:48:11.553+01:00,CHECKOUT,11,0,1,0f929,,
2025-12-05T16:49:29.236+01:00,CHECKIN,12,1,0,6ed6f,true,
2025-12-05T16:50:56.098+01:00,CHECKOUT,11,0,1,fc57b,,
2025-12-05T16:52:07.076+01:00,CHECKIN,12,1,0,e75b3,true,
2025-12-05T17:02:31.189+01:00,CHECKOUT,11,0,1,62db0,,
2025-12-05T17:04:11.734+01:00,CHECKOUT,10,0,1,0c123,,
2025-12-05T17:07:28.251+01:00,CHECKOUT,9,0,1,bb939,,
2025-12-05T17:11:00.999+01:00,CHECKIN,10,1,0,81dad,true,
2025-12-05T17:19:57.287+01:00,CHECKIN,11,1,0,99f1a,true,
2025-12-05T17:20:23.046+01:00,CHECKIN,12,1,0,ba34e,true,
2025-12-05T17:23:01.744+01:00,CHECKIN,13,1,0,6472f,true,
2025-12-05T17:31:44.104+01:00,CHECKOUT,12,0,1,f7f10,,
2025-12-05T17:34:28.989+01:00,CHECKOUT,11,0,1,cd73f,,
2025-12-05T17:38:22.306+01:00,CHECKIN,12,1,0,fcd00,true,
2025-12-05T17:39:21.371+01:00,CHECKIN,13,1,0,de8ed,true,
2025-12-05T17:40:38.851+01:00,CHECKIN,14,1,0,3f030,true,
2025-12-05T17:47:24.778+01:00,CHECKIN,15,1,0,65a43,true,
2025-12-05T17:47:51.209+01:00,CHECKIN,16,1,0,37136,true,
2025-12-05T17:50:15.713+01:00,CHECKIN,17,1,0,9b635,true,
2025-12-05T18:02:16.024+01:00,CHECKIN,18,1,0,6db7e,true,
2025-12-05T18:02:46.041+01:00,CHECKOUT,17,0,1,f2be0,,
2025-12-05T18:03:00.293+01:00,CHECKOUT,16,0,1,56045,,
2025-12-05T18:06:08.617+01:00,CHECKIN,17,1,0,84702,true,
2025-12-05T18:06:28.078+01:00,CHECKOUT,16,0,1,ef6c5,,
2025-12-05T18:13:23.976+01:00,CHECKIN,17,1,0,5e80a,true,
2025-12-05T18:16:38.753+01:00,CHECKIN,18,1,0,a271c,true,
2025-12-05T18:19:24.734+01:00,CHECKIN,19,1,0,062df,true,
2025-12-05T18:19:29.994+01:00,CHECKIN,20,1,0,1f628,true,
2025-12-05T18:20:55.773+01:00,CHECKIN,21,1,0,ae1b9,true,
2025-12-05T18:24:11.389+01:00,CHECKIN,22,1,0,df759,true,
2025-12-05T18:27:19.169+01:00,CHECKIN,23,1,0,151ff,true,
2025-12-05T18:30:02.053+01:00,CHECKOUT,22,0,1,37361,,
2025-12-05T18:32:31.244+01:00,CHECKIN,23,1,0,363e6,true,
2025-12-05T18:34:00.638+01:00,CHECKIN,24,1,0,1ae4d,true,
2025-12-05T18:36:51.745+01:00,CHECKIN,25,1,0,6bdb4,true,
2025-12-05T18:44:10.475+01:00,CHECKOUT,24,0,1,0a08b,,
2025-12-05T18:46:04.54+01:00,CHECKIN,25,1,0,c2e99,true,
2025-12-05T18:49:29.236+01:00,CHECKOUT,24,0,1,6ed6f,,
2025-12-05T18:50:27.931+01:00,CHECKIN,25,1,0,0e6dc,true,
2025-12-05T18:51:25.665+01:00,CHECKIN,26,1,0,3eebf,true,
2025-12-05T18:51:38.182+01:00,CHECKIN,27,1,0,0057c,true,
2025-12-05T18:52:02.508+01:00,CHECKIN,28,1,0,eba6a,true,
2025-12-05T18:52:07.076+01:00,CHECKOUT,27,0,1,e75b3,,
2025-12-05T19:07:15.661+01:00,CHECKIN,28,1,0,59aba,true,
2025-12-05T19:11:00.999+01:00,CHECKOUT,27,0,1,81dad,,
2025-12-05T19:19:57.287+01:00,CHECKOUT,26,0,1,99f1a,,
2025-12-05T19:20:23.046+01:00,CHECKOUT,25,0,1,ba34e,,
2025-12-05T19:23:01.744+01:00,CHECKOUT,24,0,1,6472f,,
2025-12-05T19:25:52.546+01:00,CHECKIN,25,1,0,715bc,true,
2025-12-05T19:28:58.556+01:00,CHECKIN,26,1,0,49455,true,
2025-12-05T19:31:26.917+01:00,CHECKIN,27,1,0,b7486,true,
2025-12-05T19:33:13.752+01:00,CHECKIN,28,1,0,85a61,true,
2025-12-05T19:38:22.306+01:00,CHECKOUT,27,0,1,fcd00,,
2025-12-05T19:39:21.371+01:00,CHECKOUT,26,0,1,de8ed,,
2025-12-05T19:40:38.851+01:00,CHECKOUT,25,0,1,3f030,,
2025-12-05T19:47:24.778+01:00,CHECKOUT,24,0,1,65a43,,
2025-12-05T19:47:51.209+01:00,CHECKOUT,23,0,1,37136,,
2025-12-05T19:50:15.713+01:00,CHECKOUT,22,0,1,9b635,,
2025-12-05T20:02:16.024+01:00,CHECKOUT,21,0,1,6db7e,,
2025-12-05T20:06:08.617+01:00,CHECKOUT,20,0,1,84702,,
2025-12-05T20:13:19.479+01:00,CHECKIN,21,1,0,19c69,true,
2025-12-05T20:13:23.976+01:00,CHECKOUT,20,0,1,5e80a,,
2025-12-05T20:16:38.753+01:00,CHECKOUT,19,0,1,a271c,,
2025-12-05T20:19:24.734+01:00,CHECKOUT,18,0,1,062df,,
2025-12-05T20:19:29.994+01:00,CHECKOUT,17,0,1,1f628,,
2025-12-05T20:20:55.773+01:00,CHECKOUT,16,0,1,ae1b9,,
2025-12-05T20:21:07.518+01:00,CHECKIN,17,1,0,c9152,true,
2025-12-05T20:24:11.389+01:00,CHECKOUT,16,0,1,df759,,
2025-12-05T20:27:19.169+01:00,CHECKOUT,15,0,1,151ff,,
2025-12-05T20:32:31.244+01:00,CHECKOUT,14,0,1,363e6,,
2025-12-05T20:34:00.638+01:00,CHECKOUT,13,0,1,1ae4d,,
2025-12-05T20:36:51.745+01:00,CHECKOUT,12,0,1,6bdb4,,
2025-12-05T20:39:47.73+01:00,CHECKIN,13,1,0,aae03,true,
2025-12-05T20:46:04.54+01:00,CHECKOUT,12,0,1,c2e99,,
2025-12-05T20:50:27.931+01:00,CHECKOUT,11,0,1,0e6dc,,
2025-12-05T20:51:25.665+01:00,CHECKOUT,10,0,1,3eebf,,
2025-12-05T20:51:38.182+01:00,CHECKOUT,9,0,1,0057c,,
2025-12-05T20:52:02.508+01:00,CHECKOUT,8,0,1,eba6a,,
2025-12-05T21:07:15.661+01:00,CHECKOUT,7,0,1,59aba,,
2025-12-05T21:25:52.546+01:00,CHECKOUT,6,0,1,715bc,,
2025-12-05T21:28:58.556+01:00,CHECKOUT,5,0,1,49455,,
2025-12-05T21:31:26.917+01:00,CHECKOUT,4,0,1,b7486,,
2025-12-05T21:33:13.752+01:00,CHECKOUT,3,0,1,85a61,,
2025-12-05T21:38:51.999+01:00,CHECKIN,4,1,0,f3ec5,true,
2025-12-05T22:13:19.479+01:00,CHECKOUT,3,0,1,19c69,,
2025-12-05T22:13:54.893+01:00,CHECKIN,4,1,0,58be4,true,
2025-12-05T22:21:07.518+01:00,CHECKOUT,3,0,1,c9152,,
2025-12-05T22:39:47.73+01:00,CHECKOUT,2,0,1,aae03,,
2025-12-05T23:38:51.999+01:00,CHECKOUT,1,0,1,f3ec5,,
2025-12-06T00:13:54.893+01:00,CHECKOUT,0,0,1,58be4,,
2025-12-06T06:15:27.833+01:00,CHECKIN,1,1,0,86cca,true,
2025-12-06T07:51:58.238+01:00,CHECKIN,2,1,0,,true,
2025-12-06T08:15:27.833+01:00,CHECKOUT,1,0,1,86cca,,
2025-12-06T09:06:16.742+01:00,CHECKIN,2,1,0,,true,
2025-12-06T09:34:43.845+01:00,CHECKIN,3,1,0,9cf7e,true,
2025-12-06T09:37:17.01+01:00,CHECKIN,4,1,0,23c9d,true,
2025-12-06T09:39:40.319+01:00,CHECKIN,5,1,0,bb5a6,true,
2025-12-06T09:41:47.004+01:00,CHECKIN,6,1,0,d9fc0,true,
2025-12-06T09:48:13.51+01:00,CHECKIN,7,1,0,36e95,true,
2025-12-06T09:49:32.071+01:00,CHECKIN,8,1,0,ea964,true,
2025-12-06T09:52:05.722+01:00,CHECKIN,9,1,0,f8b00,true,
2025-12-06T09:52:27.535+01:00,CHECKIN,10,1,0,f2ba3,true,
2025-12-06T09:53:31.772+01:00,CHECKIN,11,1,0,5994f,true,
2025-12-06T09:55:47.333+01:00,CHECKIN,12,1,0,eaee7,true,
2025-12-06T09:56:07.705+01:00,CHECKIN,13,1,0,e8f1f,true,
2025-12-06T09:56:56.142+01:00,CHECKIN,14,1,0,7914d,true,
2025-12-06T10:01:46.811+01:00,CHECKIN,15,1,0,,true,
2025-12-06T10:06:22.018+01:00,CHECKIN,16,1,0,e3ae2,true,
2025-12-06T10:22:14.736+01:00,CHECKIN,17,1,0,a7db2,true,
2025-12-06T10:25:42.744+01:00,CHECKIN,18,1,0,d3016,true,
2025-12-06T10:29:39.202+01:00,CHECKIN,19,1,0,28491,true,
2025-12-06T10:33:06.211+01:00,CHECKIN,20,1,0,db54d,true,
2025-12-06T10:33:10.934+01:00,CHECKIN,21,1,0,99dd2,true,
2025-12-06T10:35:27.701+01:00,CHECKIN,22,1,0,38d1b,true,
2025-12-06T10:40:19.63+01:00,CHECKIN,23,1,0,e361e,true,
2025-12-06T10:55:58.672+01:00,CHECKIN,24,1,0,ba45c,true,
2025-12-06T11:12:58.026+01:00,CHECKIN,25,1,0,29c7a,true,
2025-12-06T11:13:01.3+01:00,CHECKIN,26,1,0,,true,
2025-12-06T11:30:44.537+01:00,CHECKIN,27,1,0,532c9,true,
2025-12-06T11:34:43.845+01:00,CHECKOUT,26,0,1,9cf7e,true,
2025-12-06T11:36:02.287+01:00,CHECKIN,27,1,0,1acf2,true,
2025-12-06T11:36:07.623+01:00,CHECKIN,28,1,0,7b817,true,
2025-12-06T11:37:17.01+01:00,CHECKOUT,27,0,1,23c9d,true,
2025-12-06T11:37:43.534+01:00,CHECKOUT,26,0,1,,true,
2025-12-06T11:39:40.319+01:00,CHECKOUT,25,0,1,bb5a6,true,
2025-12-06T11:41:47.004+01:00,CHECKOUT,24,0,1,d9fc0,true,
2025-12-06T11:48:13.51+01:00,CHECKOUT,23,0,1,36e95,true,
2025-12-06T11:49:32.071+01:00,CHECKOUT,22,0,1,ea964,true,
2025-12-06T11:52:05.722+01:00,CHECKOUT,21,0,1,f8b00,true,
2025-12-06T11:52:27.535+01:00,CHECKOUT,20,0,1,f2ba3,true,
2025-12-06T11:53:31.772+01:00,CHECKOUT,19,0,1,5994f,true,
2025-12-06T11:55:47.333+01:00,CHECKOUT,18,0,1,eaee7,true,
2025-12-06T11:56:07.705+01:00,CHECKOUT,17,0,1,e8f1f,true,
2025-12-06T11:56:56.142+01:00,CHECKOUT,16,0,1,7914d,true,
2025-12-06T11:59:06.132+01:00,CHECKIN,17,1,0,99ee9,true,
2025-12-06T12:06:22.018+01:00,CHECKOUT,16,0,1,e3ae2,true,
2025-12-06T12:09:16.761+01:00,CHECKIN,17,1,0,79635,true,
2025-12-06T12:22:14.736+01:00,CHECKOUT,16,0,1,a7db2,true,
2025-12-06T12:22:38.052+01:00,CHECKOUT,15,0,1,,true,
2025-12-06T12:23:11.605+01:00,CHECKIN,16,1,0,e5467,true,
2025-12-06T12:25:42.744+01:00,CHECKOUT,15,0,1,d3016,true,
2025-12-06T12:29:39.202+01:00,CHECKOUT,14,0,1,28491,true,
2025-12-06T12:33:06.211+01:00,CHECKOUT,13,0,1,db54d,true,
2025-12-06T12:33:10.934+01:00,CHECKOUT,12,0,1,99dd2,true,
2025-12-06T12:35:27.701+01:00,CHECKOUT,11,0,1,38d1b,true,
2025-12-06T12:40:19.63+01:00,CHECKOUT,10,0,1,e361e,true,
2025-12-06T12:55:58.672+01:00,CHECKOUT,9,0,1,ba45c,true,
2025-12-06T13:12:58.026+01:00,CHECKOUT,8,0,1,29c7a,true,
2025-12-06T13:30:44.537+01:00,CHECKOUT,7,0,1,532c9,true,
2025-12-06T13:36:02.287+01:00,CHECKOUT,6,0,1,1acf2,true,
2025-12-06T13:36:07.623+01:00,CHECKOUT,5,0,1,7b817,true,
2025-12-06T13:46:33.013+01:00,CHECKIN,6,1,0,d6a2b,true,
2025-12-06T13:59:06.132+01:00,CHECKOUT,5,0,1,99ee9,true,
2025-12-06T14:04:30.133+01:00,CHECKIN,6,1,0,256c4,true,
2025-12-06T14:09:16.761+01:00,CHECKOUT,5,0,1,79635,true,
2025-12-06T14:23:11.605+01:00,CHECKOUT,4,0,1,e5467,true,
2025-12-06T15:15:52.476+01:00,CHECKIN,5,1,0,,true,
2025-12-06T15:16:00.096+01:00,CHECKIN,6,1,0,93ed1,true,
2025-12-06T15:16:04.189+01:00,CHECKOUT,5,0,1,,true,
2025-12-06T15:25:29.047+01:00,CHECKIN,6,1,0,677d7,true,
2025-12-06T15:39:38.347+01:00,CHECKIN,7,1,0,37a15,true,
2025-12-06T15:46:33.013+01:00,CHECKOUT,6,0,1,d6a2b,true,
2025-12-06T16:04:30.133+01:00,CHECKOUT,5,0,1,256c4,false,DOUBLE_SCAN
2025-12-06T17:16:00.096+01:00,CHECKOUT,4,0,1,93ed1,true,
2025-12-06T17:25:29.047+01:00,CHECKOUT,3,0,1,677d7,false,DOUBLE_SCAN
2025-12-06T17:39:38.347+01:00,CHECKOUT,2,0,1,37a15,false,DOUBLE_SCAN
2025-12-06T18:39:36.117+01:00,CHECKIN,3,1,0,1ba5c,true,
2025-12-06T18:47:16.807+01:00,CHECKIN,4,1,0,8f379,true,
2025-12-06T18:54:01.313+01:00,CHECKIN,5,1,0,,true,
2025-12-06T19:10:31.097+01:00,CHECKIN,6,1,0,2958e,true,
2025-12-06T19:17:27.064+01:00,CHECKOUT,5,0,1,,true,
2025-12-06T20:27:19.797+01:00,CHECKIN,6,1,0,61216,true,
2025-12-06T20:39:36.117+01:00,CHECKOUT,5,0,1,1ba5c,false,DOUBLE_SCAN
2025-12-06T20:47:16.807+01:00,CHECKOUT,4,0,1,8f379,true,
2025-12-06T20:58:16.807+01:00,CHECKIN,5,1,0,01f72,true,
2025-12-06T21:10:31.097+01:00,CHECKOUT,4,0,1,2958e,true,
2025-12-06T21:22:21.427+01:00,CHECKIN,5,1,0,aeb75,true,
2025-12-06T21:22:29.529+01:00,CHECKIN,6,1,0,8dad2,true,
2025-12-06T21:47:41.032+01:00,CHECKIN,7,1,0,d5f0b,true,
2025-12-06T21:51:21.587+01:00,CHECKIN,8,1,0,4dd89,true,
2025-12-06T22:27:19.797+01:00,CHECKOUT,7,0,1,61216,true,
2025-12-06T22:58:16.807+01:00,CHECKOUT,6,0,1,01f72,true,
2025-12-06T23:22:21.427+01:00,CHECKOUT,5,0,1,aeb75,true,
2025-12-06T23:22:29.529+01:00,CHECKOUT,4,0,1,8dad2,true,
2025-12-06T23:47:41.032+01:00,CHECKOUT,3,0,1,d5f0b,true,
2025-12-06T23:51:21.587+01:00,CHECKOUT,2,0,1,4dd89,true,
2025-12-07T00:00:00+01:00,CHECKOUT,0,0,2,,false,MANUAL_PATCH
2025-12-07T08:01:21.577+01:00,CHECKIN,1,1,0,8c48a,true,
2025-12-07T08:21:38.564+01:00,CHECKIN,2,1,0,97a7e,true,
2025-12-07T08:54:07.804+01:00,CHECKIN,3,1,0,3d7f0,true,
2025-12-07T09:40:53.307+01:00,CHECKIN,4,1,0,c241e,true,
2025-12-07T09:41:10.058+01:00,CHECKIN,5,1,0,b3713,true,
2025-12-07T09:46:03.541+01:00,CHECKIN,6,1,0,0121c,true,
2025-12-07T09:49:02.827+01:00,CHECKIN,7,1,0,a8b07,true,
2025-12-07T09:49:14.237+01:00,CHECKIN,8,1,0,32a88,true,
2025-12-07T09:53:36.703+01:00,CHECKIN,9,1,0,aefdd,true,
2025-12-07T10:01:21.577+01:00,CHECKOUT,8,0,1,8c48a,false,DOUBLE_SCAN
2025-12-07T10:21:38.564+01:00,CHECKOUT,7,0,1,97a7e,true,
2025-12-07T10:30:40.014+01:00,CHECKIN,8,1,0,d726f,true,
2025-12-07T10:31:50.349+01:00,CHECKIN,9,1,0,3dd0b,true,
2025-12-07T10:52:57.822+01:00,CHECKIN,10,1,0,50020,true,
2025-12-07T10:54:07.804+01:00,CHECKOUT,9,0,1,3d7f0,true,
2025-12-07T10:57:37.885+01:00,CHECKIN,10,1,0,b5852,true,
2025-12-07T10:57:47.364+01:00,CHECKIN,11,1,0,,true,
2025-12-07T10:59:24.61+01:00,CHECKIN,12,1,0,,true,
2025-12-07T10:59:40.834+01:00,CHECKOUT,11,0,1,,true,
2025-12-07T11:03:00.577+01:00,CHECKIN,12,1,0,d2097,true,
2025-12-07T11:22:10.76+01:00,CHECKIN,13,1,0,5e0e5,true,
2025-12-07T11:25:04.886+01:00,CHECKIN,14,1,0,08b38,true,
2025-12-07T11:40:53.307+01:00,CHECKOUT,13,0,1,c241e,false,DOUBLE_SCAN
2025-12-07T11:41:10.058+01:00,CHECKOUT,12,0,1,b3713,true,
2025-12-07T11:46:03.541+01:00,CHECKOUT,11,0,1,0121c,false,DOUBLE_SCAN
2025-12-07T11:47:13.972+01:00,CHECKIN,12,1,0,c51c3,true,
2025-12-07T11:47:28.122+01:00,CHECKOUT,11,0,1,,true,
2025-12-07T11:49:02.827+01:00,CHECKOUT,10,0,1,a8b07,false,DOUBLE_SCAN
2025-12-07T11:49:14.237+01:00,CHECKOUT,9,0,1,32a88,true,
2025-12-07T11:53:36.703+01:00,CHECKOUT,8,0,1,aefdd,false,DOUBLE_SCAN
2025-12-07T12:09:04.215+01:00,CHECKIN,9,1,0,82fe7,true,
2025-12-07T12:30:40.014+01:00,CHECKOUT,8,0,1,d726f,false,DOUBLE_SCAN
2025-12-07T12:31:50.349+01:00,CHECKOUT,7,0,1,3dd0b,true,
2025-12-07T12:52:57.822+01:00,CHECKOUT,6,0,1,50020,true,
2025-12-07T12:57:37.885+01:00,CHECKOUT,5,0,1,b5852,false,DOUBLE_SCAN
2025-12-07T12:59:31.464+01:00,CHECKIN,6,1,0,e1065,true,
2025-12-07T13:03:00.577+01:00,CHECKOUT,5,0,1,d2097,true,
2025-12-07T13:14:18.44+01:00,CHECKIN,6,1,0,28cd1,true,
2025-12-07T13:22:10.76+01:00,CHECKOUT,5,0,1,5e0e5,true,
2025-12-07T13:25:04.886+01:00,CHECKOUT,4,0,1,08b38,true,
2025-12-07T13:34:09.671+01:00,CHECKIN,5,1,0,f63ed,true,
2025-12-07T13:47:13.972+01:00,CHECKOUT,4,0,1,c51c3,true,
2025-12-07T13:57:28.121+01:00,CHECKIN,5,1,0,957d0,true,
2025-12-07T14:09:04.215+01:00,CHECKOUT,4,0,1,82fe7,true,
2025-12-07T14:59:31.464+01:00,CHECKOUT,3,0,1,e1065,true,
2025-12-07T15:01:20.921+01:00,CHECKIN,4,1,0,e1478,true,
2025-12-07T15:14:18.44+01:00,CHECKOUT,3,0,1,28cd1,true,
2025-12-07T15:34:09.671+01:00,CHECKOUT,2,0,1,f63ed,true,
2025-12-07T15:57:28.121+01:00,CHECKOUT,1,0,1,957d0,true,
2025-12-07T16:30:54.681+01:00,CHECKIN,2,1,0,c8bb7,true,
2025-12-07T16:54:44.212+01:00,CHECKIN,3,1,0,de246,true,
2025-12-07T16:54:59.251+01:00,CHECKIN,4,1,0,eed5a,true,
2025-12-07T16:58:32.215+01:00,CHECKIN,5,1,0,288c2,true,
2025-12-07T17:01:20.921+01:00,CHECKOUT,4,0,1,e1478,true,
2025-12-07T17:08:10.598+01:00,CHECKIN,5,1,0,910da,true,
2025-12-07T17:17:54.209+01:00,CHECKIN,6,1,0,e040a,true,
2025-12-07T17:35:08.259+01:00,CHECKIN,7,1,0,45478,true,
2025-12-07T17:44:15.234+01:00,CHECKIN,8,1,0,9bc89,true,
2025-12-07T17:44:34.947+01:00,CHECKIN,9,1,0,0e6bf,true,
2025-12-07T17:52:50.361+01:00,CHECKIN,10,1,0,89a60,true,
2025-12-07T17:58:21.029+01:00,CHECKIN,11,1,0,2433e,true,
2025-12-07T18:30:54.681+01:00,CHECKOUT,10,0,1,c8bb7,true,
2025-12-07T18:51:23.99+01:00,CHECKIN,11,1,0,,true,
2025-12-07T18:51:35.374+01:00,CHECKOUT,10,0,1,,true,
2025-12-07T18:51:38.866+01:00,CHECKIN,11,1,0,3c6c0,true,
2025-12-07T18:54:44.212+01:00,CHECKOUT,10,0,1,de246,false,DOUBLE_SCAN
2025-12-07T18:54:59.251+01:00,CHECKOUT,9,0,1,eed5a,true,
2025-12-07T18:57:57.825+01:00,CHECKIN,10,1,0,,true,
2025-12-07T18:58:19.357+01:00,CHECKIN,11,1,0,36eaa,true,
2025-12-07T18:58:23.635+01:00,CHECKOUT,10,0,1,,true,
2025-12-07T18:58:32.215+01:00,CHECKOUT,9,0,1,288c2,true,
2025-12-07T19:05:14.729+01:00,CHECKIN,10,1,0,2bc61,true,
2025-12-07T19:08:10.598+01:00,CHECKOUT,9,0,1,910da,true,
2025-12-07T19:10:58.303+01:00,CHECKIN,10,1,0,88f3d,true,
2025-12-07T19:15:23.072+01:00,CHECKIN,11,1,0,bd6d5,true,
2025-12-07T19:17:54.209+01:00,CHECKOUT,10,0,1,e040a,false,DOUBLE_SCAN
2025-12-07T19:35:08.259+01:00,CHECKOUT,9,0,1,45478,true,
2025-12-07T19:44:15.234+01:00,CHECKOUT,8,0,1,9bc89,false,DOUBLE_SCAN
2025-12-07T19:44:34.947+01:00,CHECKOUT,7,0,1,0e6bf,true,
2025-12-07T19:47:19.517+01:00,CHECKIN,8,1,0,89c10,true,
2025-12-07T19:52:50.361+01:00,CHECKOUT,7,0,1,89a60,false,DOUBLE_SCAN
2025-12-07T19:58:21.029+01:00,CHECKOUT,6,0,1,2433e,false,DOUBLE_SCAN
2025-12-07T20:22:37.903+01:00,CHECKIN,7,1,0,3ddae,true,
2025-12-07T20:51:38.866+01:00,CHECKOUT,6,0,1,3c6c0,true,
2025-12-07T20:58:19.357+01:00,CHECKOUT,5,0,1,36eaa,true,
2025-12-07T20:58:32.864+01:00,CHECKIN,6,1,0,ce709,true,
2025-12-07T21:05:14.729+01:00,CHECKOUT,5,0,1,2bc61,false,DOUBLE_SCAN
2025-12-07T21:10:58.303+01:00,CHECKOUT,4,0,1,88f3d,true,
2025-12-07T21:15:23.072+01:00,CHECKOUT,3,0,1,bd6d5,true,
2025-12-07T21:47:19.517+01:00,CHECKOUT,2,0,1,89c10,true,
2025-12-07T22:22:37.903+01:00,CHECKOUT,1,0,1,3ddae,false,DOUBLE_SCAN
2025-12-07T22:58:32.864+01:00,CHECKOUT,0,0,1,ce709,true,
2025-12-08T06:00:35.077+01:00,CHECKIN,1,1,0,23ba7,true,
2025-12-08T06:06:38.989+01:00,CHECKIN,2,1,0,cbe9a,true,
2025-12-08T06:40:32.577+01:00,CHECKIN,3,1,0,09c93,true,
2025-12-08T06:55:32.171+01:00,CHECKIN,4,1,0,efc39,true,
2025-12-08T07:39:51.023+01:00,CHECKIN,5,1,0,2c4ca,true,
2025-12-08T07:42:02.436+01:00,CHECKIN,6,1,0,,true,
2025-12-08T07:48:41.607+01:00,CHECKIN,7,1,0,26d2e,true,
2025-12-08T07:54:35.837+01:00,CHECKIN,8,1,0,09a36,true,
2025-12-08T08:00:35.077+01:00,CHECKOUT,7,0,1,23ba7,false,DOUBLE_SCAN
2025-12-08T08:04:35.073+01:00,CHECKIN,8,1,0,,true,
2025-12-08T08:04:47.146+01:00,CHECKOUT,7,0,1,,true,
2025-12-08T08:06:38.989+01:00,CHECKOUT,6,0,1,cbe9a,false,DOUBLE_SCAN
2025-12-08T08:14:07.295+01:00,CHECKIN,7,1,0,0eba3,true,
2025-12-08T08:27:07.913+01:00,CHECKIN,8,1,0,792dd,true,
2025-12-08T08:35:28.525+01:00,CHECKOUT,7,0,1,,true,
2025-12-08T08:40:32.577+01:00,CHECKOUT,6,0,1,09c93,true,
2025-12-08T08:43:50.365+01:00,CHECKIN,7,1,0,b1220,true,
2025-12-08T08:55:32.171+01:00,CHECKOUT,6,0,1,efc39,true,
2025-12-08T08:57:37.93+01:00,CHECKIN,7,1,0,25804,true,
2025-12-08T09:02:32.273+01:00,CHECKIN,8,1,0,29248,true,
2025-12-08T09:17:42.723+01:00,CHECKIN,9,1,0,6bb9e,true,
2025-12-08T09:17:56.976+01:00,CHECKIN,10,1,0,f9302,true,
2025-12-08T09:28:33.173+01:00,CHECKIN,11,1,0,ab347,true,
2025-12-08T09:28:40.195+01:00,CHECKIN,12,1,0,24df6,true,
2025-12-08T09:32:20.487+01:00,CHECKIN,13,1,0,b3dce,true,
2025-12-08T09:38:18.795+01:00,CHECKIN,14,1,0,54466,true,
2025-12-08T09:39:51.023+01:00,CHECKOUT,13,0,1,2c4ca,false,DOUBLE_SCAN
2025-12-08T09:41:50.496+01:00,CHECKIN,14,1,0,a59da,true,
2025-12-08T09:48:41.607+01:00,CHECKOUT,13,0,1,26d2e,true,
2025-12-08T09:49:26.185+01:00,CHECKIN,14,1,0,620df,true,
2025-12-08T09:54:35.837+01:00,CHECKOUT,13,0,1,09a36,true,
2025-12-08T09:56:32.911+01:00,CHECKIN,14,1,0,c6021,true,
2025-12-08T09:56:54.584+01:00,CHECKIN,15,1,0,be431,true,
2025-12-08T10:09:11.18+01:00,CHECKIN,16,1,0,882b2,true,
2025-12-08T10:11:24.575+01:00,CHECKIN,17,1,0,3a025,true,
2025-12-08T10:14:07.295+01:00,CHECKOUT,16,0,1,0eba3,false,DOUBLE_SCAN
2025-12-08T10:17:14.666+01:00,CHECKIN,17,1,0,a9cad,true,
2025-12-08T10:25:48.46+01:00,CHECKIN,18,1,0,2f272,true,
2025-12-08T10:27:07.913+01:00,CHECKOUT,17,0,1,792dd,true,
2025-12-08T10:29:55.384+01:00,CHECKIN,18,1,0,d94aa,true,
2025-12-08T10:34:55.307+01:00,CHECKIN,19,1,0,566d9,true,
2025-12-08T10:43:50.365+01:00,CHECKOUT,18,0,1,b1220,true,
2025-12-08T10:57:37.93+01:00,CHECKOUT,17,0,1,25804,false,DOUBLE_SCAN
2025-12-08T11:02:32.273+01:00,CHECKOUT,16,0,1,29248,false,DOUBLE_SCAN
2025-12-08T11:17:03.224+01:00,CHECKIN,17,1,0,47950,true,
2025-12-08T11:17:42.723+01:00,CHECKOUT,16,0,1,6bb9e,false,DOUBLE_SCAN
2025-12-08T11:17:56.976+01:00,CHECKOUT,15,0,1,f9302,true,
2025-12-08T11:18:40.989+01:00,CHECKIN,16,1,0,617a4,true,
2025-12-08T11:24:26.352+01:00,CHECKIN,17,1,0,e9341,true,
2025-12-08T11:24:31.85+01:00,CHECKIN,18,1,0,90220,true,
2025-12-08T11:26:54.405+01:00,CHECKIN,19,1,0,b82fc,true,
2025-12-08T11:28:33.173+01:00,CHECKOUT,18,0,1,ab347,false,DOUBLE_SCAN
2025-12-08T11:28:40.195+01:00,CHECKOUT,17,0,1,24df6,true,
2025-12-08T11:31:03.338+01:00,CHECKIN,18,1,0,83ec4,true,
2025-12-08T11:32:20.487+01:00,CHECKOUT,17,0,1,b3dce,true,
2025-12-08T11:35:13.256+01:00,CHECKIN,18,1,0,e8638,true,
2025-12-08T11:36:39.479+01:00,CHECKIN,19,1,0,4380d,true,
2025-12-08T11:38:18.795+01:00,CHECKOUT,18,0,1,54466,true,
2025-12-08T11:39:54.668+01:00,CHECKIN,19,1,0,cc139,true,
2025-12-08T11:41:50.496+01:00,CHECKOUT,18,0,1,a59da,true,
2025-12-08T11:49:26.185+01:00,CHECKOUT,17,0,1,620df,true,
2025-12-08T11:56:32.911+01:00,CHECKOUT,16,0,1,c6021,true,
2025-12-08T11:56:54.584+01:00,CHECKOUT,15,0,1,be431,true,
2025-12-08T12:01:54.922+01:00,CHECKIN,16,1,0,37078,true,
2025-12-08T12:04:47.326+01:00,CHECKIN,17,1,0,168bb,true,
2025-12-08T12:07:04.865+01:00,CHECKIN,18,1,0,51449,true,
2025-12-08T12:07:51.757+01:00,CHECKIN,19,1,0,2396e,true,
2025-12-08T12:08:32.914+01:00,CHECKIN,20,1,0,8e80b,true,
2025-12-08T12:08:41.359+01:00,CHECKIN,21,1,0,eae35,true,
2025-12-08T12:09:11.18+01:00,CHECKOUT,20,0,1,882b2,true,
2025-12-08T12:11:24.575+01:00,CHECKOUT,19,0,1,3a025,true,
2025-12-08T12:17:14.666+01:00,CHECKOUT,18,0,1,a9cad,true,
2025-12-08T12:18:41.262+01:00,CHECKIN,19,1,0,a866f,true,
2025-12-08T12:18:53.59+01:00,CHECKIN,20,1,0,c50fb,true,
2025-12-08T12:23:24.2+01:00,CHECKIN,21,1,0,c8b5f,true,
2025-12-08T12:23:26.994+01:00,CHECKIN,22,1,0,10692,true,
2025-12-08T12:23:44.761+01:00,CHECKIN,23,1,0,0c6d2,true,
2025-12-08T12:24:50.918+01:00,CHECKIN,24,1,0,fd981,true,
2025-12-08T12:25:08.654+01:00,CHECKIN,25,1,0,75452,true,
2025-12-08T12:25:12.868+01:00,CHECKIN,26,1,0,3c31b,true,
2025-12-08T12:25:24.776+01:00,CHECKIN,27,1,0,5d972,true,
2025-12-08T12:25:48.46+01:00,CHECKOUT,26,0,1,2f272,true,
2025-12-08T12:25:51.339+01:00,CHECKIN,27,1,0,29c3f,true,
2025-12-08T12:27:58.345+01:00,CHECKIN,28,1,0,ef6df,true,
2025-12-08T12:29:55.384+01:00,CHECKOUT,27,0,1,d94aa,true,
2025-12-08T12:30:34.985+01:00,CHECKIN,28,1,0,b6306,true,
2025-12-08T12:34:55.307+01:00,CHECKOUT,27,0,1,566d9,true,
2025-12-08T13:17:03.224+01:00,CHECKOUT,26,0,1,47950,true,
2025-12-08T13:18:40.989+01:00,CHECKOUT,25,0,1,617a4,true,
2025-12-08T13:24:26.352+01:00,CHECKOUT,24,0,1,e9341,true,
2025-12-08T13:24:31.85+01:00,CHECKOUT,23,0,1,90220,true,
2025-12-08T13:26:54.405+01:00,CHECKOUT,22,0,1,b82fc,true,
2025-12-08T13:31:03.338+01:00,CHECKOUT,21,0,1,83ec4,true,
2025-12-08T13:35:13.256+01:00,CHECKOUT,20,0,1,e8638,true,
2025-12-08T13:36:39.479+01:00,CHECKOUT,19,0,1,4380d,true,
2025-12-08T13:39:54.668+01:00,CHECKOUT,18,0,1,cc139,true,
2025-12-08T13:41:24.716+01:00,CHECKIN,19,1,0,d6314,true,
2025-12-08T14:00:02.112+01:00,CHECKIN,20,1,0,d07a9,true,
2025-12-08T14:01:07.946+01:00,CHECKIN,21,1,0,b6038,true,
2025-12-08T14:01:54.922+01:00,CHECKOUT,20,0,1,37078,true,
2025-12-08T14:04:47.326+01:00,CHECKOUT,19,0,1,168bb,true,
2025-12-08T14:07:04.865+01:00,CHECKOUT,18,0,1,51449,true,
2025-12-08T14:07:51.757+01:00,CHECKOUT,17,0,1,2396e,true,
2025-12-08T14:08:32.914+01:00,CHECKOUT,16,0,1,8e80b,true,
2025-12-08T14:08:41.359+01:00,CHECKOUT,15,0,1,eae35,true,
2025-12-08T14:18:41.262+01:00,CHECKOUT,14,0,1,a866f,true,
2025-12-08T14:18:53.59+01:00,CHECKOUT,13,0,1,c50fb,true,
2025-12-08T14:21:05.617+01:00,CHECKIN,14,1,0,1b646,true,
2025-12-08T14:23:24.2+01:00,CHECKOUT,13,0,1,c8b5f,true,
2025-12-08T14:23:26.994+01:00,CHECKOUT,12,0,1,10692,true,
2025-12-08T14:23:44.761+01:00,CHECKOUT,11,0,1,0c6d2,true,
2025-12-08T14:24:50.918+01:00,CHECKOUT,10,0,1,fd981,true,
2025-12-08T14:25:06.426+01:00,CHECKIN,11,1,0,8dc2a,true,
2025-12-08T14:25:08.654+01:00,CHECKOUT,10,0,1,75452,true,
2025-12-08T14:25:12.868+01:00,CHECKOUT,9,0,1,3c31b,true,
2025-12-08T14:25:24.776+01:00,CHECKOUT,8,0,1,5d972,true,
2025-12-08T14:25:51.339+01:00,CHECKOUT,7,0,1,29c3f,true,
2025-12-08T14:27:58.345+01:00,CHECKOUT,6,0,1,ef6df,true,
2025-12-08T14:30:34.985+01:00,CHECKOUT,5,0,1,b6306,true,
2025-12-08T14:39:25.126+01:00,CHECKIN,6,1,0,61baf,true,
2025-12-08T14:57:10.376+01:00,CHECKIN,7,1,0,e60f9,true,
2025-12-08T15:01:18.753+01:00,CHECKIN,8,1,0,a306b,true,
2025-12-08T15:18:41.591+01:00,CHECKIN,9,1,0,9262c,true,
2025-12-08T15:19:48.421+01:00,CHECKIN,10,1,0,19513,true,
2025-12-08T15:24:45.341+01:00,CHECKIN,11,1,0,c2e23,true,
2025-12-08T15:35:17.813+01:00,CHECKIN,12,1,0,8e3ec,true,
2025-12-08T15:35:21.56+01:00,CHECKIN,13,1,0,f1b74,true,
2025-12-08T15:41:24.716+01:00,CHECKOUT,12,0,1,d6314,true,
2025-12-08T15:52:52.368+01:00,CHECKIN,13,1,0,f47b3,true,
2025-12-08T16:00:02.112+01:00,CHECKOUT,12,0,1,d07a9,true,
2025-12-08T16:01:07.946+01:00,CHECKOUT,11,0,1,b6038,true,
2025-12-08T16:14:02.421+01:00,CHECKIN,12,1,0,d6f34,true,
2025-12-08T16:21:05.617+01:00,CHECKOUT,11,0,1,1b646,true,
2025-12-08T16:25:06.426+01:00,CHECKOUT,10,0,1,8dc2a,true,
2025-12-08T16:30:30.111+01:00,CHECKIN,11,1,0,0209c,true,
2025-12-08T16:39:25.126+01:00,CHECKOUT,10,0,1,61baf,true,
2025-12-08T16:40:08.44+01:00,CHECKIN,11,1,0,5c846,true,
2025-12-08T16:45:33.866+01:00,CHECKIN,12,1,0,e64b4,true,
2025-12-08T16:51:04.807+01:00,CHECKIN,13,1,0,53206,true,
2025-12-08T16:54:00.561+01:00,CHECKIN,14,1,0,,true,
2025-12-08T16:57:10.376+01:00,CHECKOUT,13,0,1,e60f9,true,
2025-12-08T17:01:18.753+01:00,CHECKOUT,12,0,1,a306b,true,
2025-12-08T17:01:38.72+01:00,CHECKIN,13,1,0,951ae,true,
2025-12-08T17:09:53.424+01:00,CHECKIN,14,1,0,25951,true,
2025-12-08T17:10:08.887+01:00,CHECKIN,15,1,0,b10ca,true,
2025-12-08T17:11:23.003+01:00,CHECKIN,16,1,0,6e979,true,
2025-12-08T17:16:39.66+01:00,CHECKIN,17,1,0,385f7,true,
2025-12-08T17:18:41.591+01:00,CHECKOUT,16,0,1,9262c,true,
2025-12-08T17:19:35.325+01:00,CHECKIN,17,1,0,5774f,true,
2025-12-08T17:19:48.421+01:00,CHECKOUT,16,0,1,19513,true,
2025-12-08T17:21:48.881+01:00,CHECKIN,17,1,0,edc1c,true,
2025-12-08T17:22:31.827+01:00,CHECKIN,18,1,0,eda6f,true,
2025-12-08T17:23:48.112+01:00,CHECKIN,19,1,0,3fbc7,true,
2025-12-08T17:24:45.341+01:00,CHECKOUT,18,0,1,c2e23,true,
2025-12-08T17:28:24.955+01:00,CHECKIN,19,1,0,f00c6,true,
2025-12-08T17:28:54.461+01:00,CHECKIN,20,1,0,da7bd,true,
2025-12-08T17:29:07.395+01:00,CHECKIN,21,1,0,1194b,true,
2025-12-08T17:31:43.859+01:00,CHECKIN,22,1,0,978d8,true,
2025-12-08T17:35:17.813+01:00,CHECKOUT,21,0,1,8e3ec,true,
2025-12-08T17:35:21.56+01:00,CHECKOUT,20,0,1,f1b74,true,
2025-12-08T17:36:03.301+01:00,CHECKIN,21,1,0,6a856,true,
2025-12-08T17:36:17.492+01:00,CHECKIN,22,1,0,418e4,true,
2025-12-08T17:37:37.976+01:00,CHECKIN,23,1,0,4a36a,true,
2025-12-08T17:38:08.546+01:00,CHECKIN,24,1,0,1d66f,true,
2025-12-08T17:41:55.949+01:00,CHECKIN,25,1,0,ebb6b,true,
2025-12-08T17:41:57.284+01:00,CHECKIN,26,1,0,7026f,true,
2025-12-08T17:42:41.92+01:00,CHECKIN,27,1,0,d353e,true,
2025-12-08T17:43:00.36+01:00,CHECKOUT,26,0,1,,true,
2025-12-08T17:45:47.351+01:00,CHECKIN,27,1,0,addbd,true,
2025-12-08T17:49:24.687+01:00,CHECKIN,28,1,0,5c82a,true,
2025-12-08T17:52:32.073+01:00,CHECKIN,29,1,0,0368f,true,
2025-12-08T17:52:52.368+01:00,CHECKOUT,28,0,1,f47b3,true,
2025-12-08T17:54:35.135+01:00,CHECKIN,29,1,0,24d72,true,
2025-12-08T17:55:06.413+01:00,CHECKIN,30,1,0,caab3,true,
2025-12-08T17:58:47.961+01:00,CHECKIN,31,1,0,59825,true,
2025-12-08T17:58:54.874+01:00,CHECKIN,32,1,0,9a648,true,
2025-12-08T17:59:52.374+01:00,CHECKIN,33,1,0,68431,true,
2025-12-08T18:02:56.41+01:00,CHECKIN,34,1,0,,true,
2025-12-08T18:02:58.569+01:00,CHECKIN,35,1,0,,true,
2025-12-08T18:09:00.32+01:00,CHECKIN,36,1,0,dcd78,true,
2025-12-08T18:09:28.979+01:00,CHECKIN,37,1,0,4cc41,true,
2025-12-08T18:09:38.201+01:00,CHECKIN,38,1,0,c316b,true,
2025-12-08T18:11:43.606+01:00,CHECKIN,39,1,0,b5742,true,
2025-12-08T18:11:52.9+01:00,CHECKIN,40,1,0,9092f,true,
2025-12-08T18:13:15.797+01:00,CHECKIN,41,1,0,9d719,true,
2025-12-08T18:14:02.421+01:00,CHECKOUT,40,0,1,d6f34,true,
2025-12-08T18:15:34.871+01:00,CHECKIN,41,1,0,,true,
2025-12-08T18:18:18.79+01:00,CHECKIN,42,1,0,57a71,true,
2025-12-08T18:18:23.934+01:00,CHECKIN,43,1,0,89456,true,
2025-12-08T18:20:10.803+01:00,CHECKIN,44,1,0,3082a,true,
2025-12-08T18:22:03.47+01:00,CHECKIN,45,1,0,a0712,true,
2025-12-08T18:30:05.147+01:00,CHECKIN,46,1,0,3dc16,true,
2025-12-08T18:30:30.111+01:00,CHECKOUT,45,0,1,0209c,true,
2025-12-08T18:32:59.61+01:00,CHECKIN,46,1,0,,true,
2025-12-08T18:34:09.104+01:00,CHECKIN,47,1,0,01cda,true,
2025-12-08T18:35:51.335+01:00,CHECKIN,48,1,0,c8017,true,
2025-12-08T18:40:08.44+01:00,CHECKOUT,47,0,1,5c846,true,
2025-12-08T18:40:18.416+01:00,CHECKIN,48,1,0,7da4c,true,
2025-12-08T18:40:28.876+01:00,CHECKIN,49,1,0,e195c,true,
2025-12-08T18:41:01.53+01:00,CHECKIN,50,1,0,39ea6,true,
2025-12-08T18:41:10.346+01:00,CHECKIN,51,1,0,e10a8,true,
2025-12-08T18:43:22.42+01:00,CHECKIN,52,1,0,ed86d,true,
2025-12-08T18:44:15.78+01:00,CHECKIN,53,1,0,,true,
2025-12-08T18:44:48.123+01:00,CHECKIN,54,1,0,97c46,true,
2025-12-08T18:45:33.866+01:00,CHECKOUT,53,0,1,e64b4,true,
2025-12-08T18:47:27.736+01:00,CHECKIN,54,1,0,e3557,true,
2025-12-08T18:51:04.807+01:00,CHECKOUT,53,0,1,53206,true,
2025-12-08T18:52:26.256+01:00,CHECKIN,54,1,0,91165,true,
2025-12-08T18:58:48.844+01:00,CHECKIN,55,1,0,3aa12,true,
2025-12-08T19:00:04.557+01:00,CHECKIN,56,1,0,93ce3,true,
2025-12-08T19:00:13.313+01:00,CHECKIN,57,1,0,,true,
2025-12-08T19:01:15.815+01:00,CHECKOUT,56,0,1,,true,
2025-12-08T19:01:17.385+01:00,CHECKOUT,55,0,1,,true,
2025-12-08T19:01:38.72+01:00,CHECKOUT,54,0,1,951ae,true,
2025-12-08T19:04:56.955+01:00,CHECKIN,55,1,0,72bf2,true,
2025-12-08T19:09:12.078+01:00,CHECKIN,56,1,0,839bf,true,
2025-12-08T19:09:15.098+01:00,CHECKIN,57,1,0,1cd3d,true,
2025-12-08T19:09:53.424+01:00,CHECKOUT,56,0,1,25951,true,
2025-12-08T19:10:08.887+01:00,CHECKOUT,55,0,1,b10ca,true,
2025-12-08T19:11:23.003+01:00,CHECKOUT,54,0,1,6e979,true,
2025-12-08T19:11:51.85+01:00,CHECKOUT,53,0,1,,true,
2025-12-08T19:16:39.66+01:00,CHECKOUT,52,0,1,385f7,true,
2025-12-08T19:18:17.492+01:00,CHECKIN,53,1,0,,true,
2025-12-08T19:19:35.325+01:00,CHECKOUT,52,0,1,5774f,true,
2025-12-08T19:21:48.881+01:00,CHECKOUT,51,0,1,edc1c,true,
2025-12-08T19:22:31.827+01:00,CHECKOUT,50,0,1,eda6f,true,
2025-12-08T19:23:34.501+01:00,CHECKIN,51,1,0,b1912,true,
2025-12-08T19:23:48.112+01:00,CHECKOUT,50,0,1,3fbc7,true,
2025-12-08T19:25:28.411+01:00,CHECKIN,51,1,0,c25f4,true,
2025-12-08T19:25:44.102+01:00,CHECKIN,52,1,0,,true,
2025-12-08T19:28:24.955+01:00,CHECKOUT,51,0,1,f00c6,true,
2025-12-08T19:28:54.461+01:00,CHECKOUT,50,0,1,da7bd,true,
2025-12-08T19:29:07.395+01:00,CHECKOUT,49,0,1,1194b,true,
2025-12-08T19:29:57.586+01:00,CHECKIN,50,1,0,278d5,true,
2025-12-08T19:31:43.859+01:00,CHECKOUT,49,0,1,978d8,true,
2025-12-08T19:33:51.689+01:00,CHECKIN,50,1,0,18f6b,true,
2025-12-08T19:36:03.301+01:00,CHECKOUT,49,0,1,6a856,true,
2025-12-08T19:36:17.492+01:00,CHECKOUT,48,0,1,418e4,true,
2025-12-08T19:37:37.976+01:00,CHECKOUT,47,0,1,4a36a,true,
2025-12-08T19:38:08.546+01:00,CHECKOUT,46,0,1,1d66f,true,
2025-12-08T19:41:55.949+01:00,CHECKOUT,45,0,1,ebb6b,true,
2025-12-08T19:41:57.284+01:00,CHECKOUT,44,0,1,7026f,true,
2025-12-08T19:42:41.92+01:00,CHECKOUT,43,0,1,d353e,true,
2025-12-08T19:45:47.351+01:00,CHECKOUT,42,0,1,addbd,true,
2025-12-08T19:49:19.868+01:00,CHECKIN,43,1,0,f7816,true,
2025-12-08T19:49:24.687+01:00,CHECKOUT,42,0,1,5c82a,false,DOUBLE_SCAN
2025-12-08T19:51:44.958+01:00,CHECKIN,43,1,0,87795,true,
2025-12-08T19:52:32.073+01:00,CHECKOUT,42,0,1,0368f,true,
2025-12-08T19:54:35.135+01:00,CHECKOUT,41,0,1,24d72,false,DOUBLE_SCAN
2025-12-08T19:55:06.413+01:00,CHECKOUT,40,0,1,caab3,true,
2025-12-08T19:56:38.997+01:00,CHECKIN,41,1,0,a9b65,true,
2025-12-08T19:58:47.961+01:00,CHECKOUT,40,0,1,59825,true,
2025-12-08T19:58:54.874+01:00,CHECKOUT,39,0,1,9a648,true,
2025-12-08T19:59:52.374+01:00,CHECKOUT,38,0,1,68431,true,
2025-12-08T20:09:00.32+01:00,CHECKOUT,37,0,1,dcd78,true,
2025-12-08T20:09:08.221+01:00,CHECKIN,38,1,0,e8c5e,true,
2025-12-08T20:09:28.979+01:00,CHECKOUT,37,0,1,4cc41,true,
2025-12-08T20:09:38.201+01:00,CHECKOUT,36,0,1,c316b,true,
2025-12-08T20:11:43.606+01:00,CHECKOUT,35,0,1,b5742,true,
2025-12-08T20:11:52.9+01:00,CHECKOUT,34,0,1,9092f,true,
2025-12-08T20:13:15.797+01:00,CHECKOUT,33,0,1,9d719,true,
2025-12-08T20:18:18.79+01:00,CHECKOUT,32,0,1,57a71,true,
2025-12-08T20:18:23.934+01:00,CHECKOUT,31,0,1,89456,true,
2025-12-08T20:18:41.649+01:00,CHECKIN,32,1,0,,true,
2025-12-08T20:19:25.009+01:00,CHECKOUT,31,0,1,,true,
2025-12-08T20:19:25.371+01:00,CHECKIN,32,1,0,6ed48,true,
2025-12-08T20:20:10.803+01:00,CHECKOUT,31,0,1,3082a,true,
2025-12-08T20:22:03.47+01:00,CHECKOUT,30,0,1,a0712,true,
2025-12-08T20:30:05.147+01:00,CHECKOUT,29,0,1,3dc16,true,
2025-12-08T20:33:10.902+01:00,CHECKIN,30,1,0,,true,
2025-12-08T20:33:20.178+01:00,CHECKIN,31,1,0,cb46f,true,
2025-12-08T20:33:24.003+01:00,CHECKOUT,30,0,1,,true,
2025-12-08T20:34:09.104+01:00,CHECKOUT,29,0,1,01cda,true,
2025-12-08T20:35:51.335+01:00,CHECKOUT,28,0,1,c8017,true,
2025-12-08T20:40:18.416+01:00,CHECKOUT,27,0,1,7da4c,true,
2025-12-08T20:40:28.876+01:00,CHECKOUT,26,0,1,e195c,true,
2025-12-08T20:41:01.53+01:00,CHECKOUT,25,0,1,39ea6,true,
2025-12-08T20:41:10.346+01:00,CHECKOUT,24,0,1,e10a8,true,
2025-12-08T20:43:22.42+01:00,CHECKOUT,23,0,1,ed86d,true,
2025-12-08T20:44:08.349+01:00,CHECKIN,24,1,0,8e4da,true,
2025-12-08T20:44:48.123+01:00,CHECKOUT,23,0,1,97c46,false,DOUBLE_SCAN
2025-12-08T20:45:05.059+01:00,CHECKOUT,22,0,1,,true,
2025-12-08T20:45:19.592+01:00,CHECKOUT,21,0,1,,true,
2025-12-08T20:45:30.68+01:00,CHECKOUT,20,0,1,,true,
2025-12-08T20:45:44.857+01:00,CHECKOUT,19,0,1,,true,
2025-12-08T20:46:05.908+01:00,CHECKOUT,18,0,1,,true,
2025-12-08T20:47:27.736+01:00,CHECKOUT,17,0,1,e3557,true,
2025-12-08T20:51:49.418+01:00,CHECKIN,18,1,0,,true,
2025-12-08T20:52:26.256+01:00,CHECKOUT,17,0,1,91165,true,
2025-12-08T20:58:48.844+01:00,CHECKOUT,16,0,1,3aa12,true,
2025-12-08T21:00:04.557+01:00,CHECKOUT,15,0,1,93ce3,true,
2025-12-08T21:02:20.516+01:00,CHECKOUT,14,0,1,,true,
2025-12-08T21:04:55.559+01:00,CHECKIN,15,1,0,2e796,true,
2025-12-08T21:04:56.955+01:00,CHECKOUT,14,0,1,72bf2,true,
2025-12-08T21:09:12.078+01:00,CHECKOUT,13,0,1,839bf,true,
2025-12-08T21:09:15.098+01:00,CHECKOUT,12,0,1,1cd3d,true,
2025-12-08T21:10:41.579+01:00,CHECKIN,13,1,0,822f2,true,
2025-12-08T21:23:34.501+01:00,CHECKOUT,12,0,1,b1912,true,
2025-12-08T21:25:28.411+01:00,CHECKOUT,11,0,1,c25f4,true,
2025-12-08T21:29:57.586+01:00,CHECKOUT,10,0,1,278d5,true,
2025-12-08T21:33:51.689+01:00,CHECKOUT,9,0,1,18f6b,true,
2025-12-08T21:34:04.676+01:00,CHECKIN,10,1,0,19237,true,
2025-12-08T21:49:19.868+01:00,CHECKOUT,9,0,1,f7816,true,
2025-12-08T21:51:44.958+01:00,CHECKOUT,8,0,1,87795,false,DOUBLE_SCAN
2025-12-08T21:56:38.997+01:00,CHECKOUT,7,0,1,a9b65,true,
2025-12-08T22:02:20.06+01:00,CHECKIN,8,1,0,60685,true,
2025-12-08T22:09:08.221+01:00,CHECKOUT,7,0,1,e8c5e,true,
2025-12-08T22:19:25.371+01:00,CHECKOUT,6,0,1,6ed48,true,
2025-12-08T22:33:20.178+01:00,CHECKOUT,5,0,1,cb46f,true,
2025-12-08T22:44:08.349+01:00,CHECKOUT,4,0,1,8e4da,true,
2025-12-08T23:04:55.559+01:00,CHECKOUT,3,0,1,2e796,true,
2025-12-08T23:10:41.579+01:00,CHECKOUT,2,0,1,822f2,true,
2025-12-08T23:34:04.676+01:00,CHECKOUT,1,0,1,19237,true,
2025-12-09T00:02:20.06+01:00,CHECKOUT,0,0,1,60685,true,
2025-12-09T06:09:10.834+01:00,CHECKIN,1,1,0,1272738134,true,
2025-12-09T06:11:02.998+01:00,CHECKIN,2,1,0,1259071845,true,
2025-12-09T06:25:26.384+01:00,CHECKIN,3,1,0,1271700638,true,
2025-12-09T06:41:33.656+01:00,CHECKIN,4,1,0,1513695060,true,
2025-12-09T07:08:41.865+01:00,CHECKIN,5,1,0,1272738134,true,
2025-12-09T07:47:51.936+01:00,CHECKIN,6,1,0,1359417944,true,
2025-12-09T07:58:54.335+01:00,CHECKIN,7,1,0,1461850832,true,
2025-12-09T08:00:03.503+01:00,CHECKIN,8,1,0,1236229704,true,
2025-12-09T08:03:09.664+01:00,CHECKIN,9,1,0,1432846090,true,
2025-12-09T08:09:10.834+01:00,CHECKOUT,8,0,1,1272738134,false,DOUBLE_SCAN
2025-12-09T08:11:02.998+01:00,CHECKOUT,7,0,1,1259071845,false,DOUBLE_SCAN
2025-12-09T08:25:26.384+01:00,CHECKOUT,6,0,1,1271700638,false,DOUBLE_SCAN
2025-12-09T08:36:16.588+01:00,CHECKIN,7,1,0,1237426287,true,
2025-12-09T08:41:29.092+01:00,CHECKIN,8,1,0,1471561881,true,
2025-12-09T08:41:33.656+01:00,CHECKOUT,7,0,1,1513695060,true,
2025-12-09T09:08:41.865+01:00,CHECKOUT,6,0,1,1272738134,true,
2025-12-09T09:10:30.49+01:00,CHECKIN,7,1,0,1292759940,true,
2025-12-09T09:11:22.291+01:00,CHECKOUT,6,0,1,1292759940,true,
2025-12-09T09:13:41.517+01:00,CHECKIN,7,1,0,1447008285,true,
2025-12-09T09:15:39.032+01:00,CHECKOUT,6,0,1,1432846090,true,
2025-12-09T09:25:16.591+01:00,CHECKOUT,5,0,1,1359417944,true,
2025-12-09T09:32:06.346+01:00,CHECKIN,6,1,0,1271713652,true,
2025-12-09T09:32:09.702+01:00,CHECKIN,7,1,0,1271689253,true,
2025-12-09T09:38:23.937+01:00,CHECKIN,8,1,0,1301036622,true,
2025-12-09T09:38:48.329+01:00,CHECKIN,9,1,0,1229323750,true,
2025-12-09T09:39:24.062+01:00,CHECKIN,10,1,0,1306476866,true,
2025-12-09T09:40:11.65+01:00,CHECKIN,11,1,0,1292759940,true,
2025-12-09T09:51:54.271+01:00,CHECKIN,12,1,0,1534511664,true,
2025-12-09T09:52:00.802+01:00,CHECKIN,13,1,0,1329673472,true,
2025-12-09T09:52:41.342+01:00,CHECKIN,14,1,0,1235716886,true,
2025-12-09T09:53:00.834+01:00,CHECKIN,15,1,0,1212558674,true,
2025-12-09T09:53:04.293+01:00,CHECKIN,16,1,0,1303164300,true,
2025-12-09T09:55:16.968+01:00,CHECKIN,17,1,0,1475248443,true,
2025-12-09T09:55:32.249+01:00,CHECKIN,18,1,0,1505485590,true,
2025-12-09T09:58:54.335+01:00,CHECKOUT,17,0,1,1461850832,true,
2025-12-09T09:59:05.981+01:00,CHECKIN,18,1,0,1355994536,true,
2025-12-09T09:59:51.354+01:00,CHECKIN,19,1,0,1460804174,true,
2025-12-09T10:00:03.503+01:00,CHECKOUT,18,0,1,1236229704,true,
2025-12-09T10:36:16.588+01:00,CHECKOUT,17,0,1,1237426287,false,DOUBLE_SCAN
2025-12-09T10:39:42.571+01:00,CHECKIN,18,1,0,1221745319,true,
2025-12-09T10:41:29.092+01:00,CHECKOUT,17,0,1,1471561881,false,DOUBLE_SCAN
2025-12-09T10:42:14.101+01:00,CHECKIN,18,1,0,1465366691,true,
2025-12-09T10:43:42.716+01:00,CHECKIN,19,1,0,1256653120,true,
2025-12-09T10:59:24.433+01:00,CHECKIN,20,1,0,1241501414,true,
2025-12-09T11:10:10.997+01:00,CHECKIN,21,1,0,1289258715,true,
2025-12-09T11:13:41.517+01:00,CHECKOUT,20,0,1,1447008285,true,
2025-12-09T11:32:06.346+01:00,CHECKOUT,19,0,1,1271713652,true,
2025-12-09T11:32:09.702+01:00,CHECKOUT,18,0,1,1271689253,true,
2025-12-09T11:38:23.937+01:00,CHECKOUT,17,0,1,1301036622,true,
2025-12-09T11:38:48.329+01:00,CHECKOUT,16,0,1,1229323750,true,
2025-12-09T11:39:24.062+01:00,CHECKOUT,15,0,1,1306476866,true,
2025-12-09T11:40:11.65+01:00,CHECKOUT,14,0,1,1292759940,true,
2025-12-09T11:43:48.643+01:00,CHECKIN,15,1,0,1448823293,true,
2025-12-09T11:51:54.271+01:00,CHECKOUT,14,0,1,1534511664,true,
2025-12-09T11:52:00.802+01:00,CHECKOUT,13,0,1,1329673472,true,
2025-12-09T11:52:41.342+01:00,CHECKOUT,12,0,1,1235716886,true,
2025-12-09T11:53:00.834+01:00,CHECKOUT,11,0,1,1212558674,true,
2025-12-09T11:53:04.293+01:00,CHECKOUT,10,0,1,1303164300,true,
2025-12-09T11:55:16.968+01:00,CHECKOUT,9,0,1,1475248443,true,
2025-12-09T11:55:32.249+01:00,CHECKOUT,8,0,1,1505485590,true,
2025-12-09T11:55:35.793+01:00,CHECKIN,9,1,0,1304323986,true,
2025-12-09T11:59:05.981+01:00,CHECKOUT,8,0,1,1355994536,true,
2025-12-09T11:59:51.354+01:00,CHECKOUT,7,0,1,1460804174,true,
2025-12-09T12:14:37.209+01:00,CHECKIN,8,1,0,1389280712,true,
2025-12-09T12:14:39.637+01:00,CHECKIN,9,1,0,1471609315,true,
2025-12-09T12:14:49.935+01:00,CHECKIN,10,1,0,1271686016,true,
2025-12-09T12:19:31.226+01:00,CHECKIN,11,1,0,1504989407,true,
2025-12-09T12:19:34.543+01:00,CHECKIN,12,1,0,1530829500,true,
2025-12-09T12:19:36.558+01:00,CHECKIN,13,1,0,1214478196,true,
2025-12-09T12:20:00.226+01:00,CHECKIN,14,1,0,1271249621,true,
2025-12-09T12:20:50.972+01:00,CHECKIN,15,1,0,1235841162,true,
2025-12-09T12:24:58.028+01:00,CHECKIN,16,1,0,1271699581,true,
2025-12-09T12:26:40.252+01:00,CHECKIN,17,1,0,1235723335,true,
2025-12-09T12:27:00.313+01:00,CHECKIN,18,1,0,1357186560,true,
2025-12-09T12:38:17.209+01:00,CHECKIN,19,1,0,1375857268,true,
2025-12-09T12:39:42.571+01:00,CHECKOUT,18,0,1,1221745319,true,
2025-12-09T12:42:14.101+01:00,CHECKOUT,17,0,1,1465366691,true,
2025-12-09T12:43:42.716+01:00,CHECKOUT,16,0,1,1256653120,true,
2025-12-09T12:48:41.928+01:00,CHECKIN,17,1,0,1271694884,true,
2025-12-09T12:57:58.626+01:00,CHECKIN,18,1,0,1384721880,true,
2025-12-09T12:59:24.433+01:00,CHECKOUT,17,0,1,1241501414,true,
2025-12-09T13:08:00.733+01:00,CHECKIN,18,1,0,1265068783,true,
2025-12-09T13:10:10.997+01:00,CHECKOUT,17,0,1,1289258715,true,
2025-12-09T13:10:11.199+01:00,CHECKOUT,16,0,1,1389280712,true,
2025-12-09T13:10:25.944+01:00,CHECKOUT,15,0,1,1471609315,true,
2025-12-09T13:43:48.643+01:00,CHECKOUT,14,0,1,1448823293,true,
2025-12-09T13:55:35.793+01:00,CHECKOUT,13,0,1,1304323986,true,
2025-12-09T14:05:56.203+01:00,CHECKIN,14,1,0,1275249930,true,
2025-12-09T14:07:23.849+01:00,CHECKIN,15,1,0,1267552234,true,
2025-12-09T14:14:49.935+01:00,CHECKOUT,14,0,1,1271686016,true,
2025-12-09T14:19:21.476+01:00,CHECKIN,15,1,0,1221300394,true,
2025-12-09T14:19:31.226+01:00,CHECKOUT,14,0,1,1504989407,true,
2025-12-09T14:19:34.484+01:00,CHECKIN,15,1,0,1271274500,true,
2025-12-09T14:19:34.543+01:00,CHECKOUT,14,0,1,1530829500,true,
2025-12-09T14:19:36.558+01:00,CHECKOUT,13,0,1,1214478196,true,
2025-12-09T14:20:00.226+01:00,CHECKOUT,12,0,1,1271249621,true,
2025-12-09T14:20:50.972+01:00,CHECKOUT,11,0,1,1235841162,true,
2025-12-09T14:24:58.028+01:00,CHECKOUT,10,0,1,1271699581,true,
2025-12-09T14:26:40.252+01:00,CHECKOUT,9,0,1,1235723335,true,
2025-12-09T14:27:00.313+01:00,CHECKOUT,8,0,1,1357186560,true,
2025-12-09T14:38:17.209+01:00,CHECKOUT,7,0,1,1375857268,true,
2025-12-09T14:43:44.335+01:00,CHECKIN,8,1,0,1256636400,true,
2025-12-09T14:48:41.928+01:00,CHECKOUT,7,0,1,1271694884,true,
2025-12-09T14:51:31.149+01:00,CHECKIN,8,1,0,1518963660,true,
2025-12-09T14:57:58.626+01:00,CHECKOUT,7,0,1,1384721880,true,
2025-12-09T15:02:34.603+01:00,CHECKIN,8,1,0,1221747919,true,
2025-12-09T15:05:10.249+01:00,CHECKIN,9,1,0,1235726294,true,
2025-12-09T15:08:00.733+01:00,CHECKOUT,8,0,1,1265068783,true,
2025-12-09T15:25:36.457+01:00,CHECKIN,9,1,0,1514080031,true,
2025-12-09T15:38:59.164+01:00,CHECKIN,10,1,0,1338385363,true,
2025-12-09T15:41:53.4+01:00,CHECKIN,11,1,0,1315519471,true,
2025-12-09T15:47:21.105+01:00,CHECKIN,12,1,0,1236280656,true,
2025-12-09T16:03:34.89+01:00,CHECKIN,13,1,0,1348223055,true,
2025-12-09T16:05:56.203+01:00,CHECKOUT,12,0,1,1275249930,true,
2025-12-09T16:07:23.849+01:00,CHECKOUT,11,0,1,1267552234,true,
2025-12-09T16:09:04.868+01:00,CHECKIN,12,1,0,1447054227,true,
2025-12-09T16:12:25.097+01:00,CHECKIN,13,1,0,1499833189,true,
2025-12-09T16:17:56.07+01:00,CHECKOUT,12,0,1,1518963660,true,
2025-12-09T16:19:21.476+01:00,CHECKOUT,11,0,1,1221300394,true,
2025-12-09T16:19:34.484+01:00,CHECKOUT,10,0,1,1271274500,true,
2025-12-09T16:43:44.335+01:00,CHECKOUT,9,0,1,1256636400,true,
2025-12-09T16:49:36.054+01:00,CHECKIN,10,1,0,1448264346,true,
2025-12-09T16:56:07.91+01:00,CHECKIN,11,1,0,1298072112,true,
2025-12-09T17:05:10.249+01:00,CHECKOUT,10,0,1,1235726294,true,
2025-12-09T17:14:53.415+01:00,CHECKIN,11,1,0,1306052599,true,
2025-12-09T17:15:14.356+01:00,CHECKOUT,10,0,1,1221747919,true,
2025-12-09T17:24:59.748+01:00,CHECKIN,11,1,0,1499763243,true,
2025-12-09T17:25:36.457+01:00,CHECKOUT,10,0,1,1514080031,true,
2025-12-09T17:26:00.286+01:00,CHECKIN,11,1,0,1271716753,true,
2025-12-09T17:27:46.395+01:00,CHECKIN,12,1,0,1303999151,true,
2025-12-09T17:28:22.049+01:00,CHECKIN,13,1,0,1235703517,true,
2025-12-09T17:28:45.046+01:00,CHECKIN,14,1,0,1396187201,true,
2025-12-09T17:29:03.464+01:00,CHECKIN,15,1,0,1352078465,true,
2025-12-09T17:35:02.107+01:00,CHECKIN,16,1,0,1450453479,true,
2025-12-09T17:35:04.606+01:00,CHECKIN,17,1,0,1376990117,true,
2025-12-09T17:35:17.476+01:00,CHECKIN,18,1,0,1364558973,true,
2025-12-09T17:37:56.386+01:00,CHECKIN,19,1,0,1392966285,true,
2025-12-09T17:38:45.089+01:00,CHECKIN,20,1,0,1235828400,true,
2025-12-09T17:38:59.164+01:00,CHECKOUT,19,0,1,1338385363,true,
2025-12-09T17:39:25.949+01:00,CHECKIN,20,1,0,1525020925,true,
2025-12-09T17:39:29.801+01:00,CHECKIN,21,1,0,1437127835,true,
2025-12-09T17:41:53.4+01:00,CHECKOUT,20,0,1,1315519471,true,
2025-12-09T17:44:55.332+01:00,CHECKIN,21,1,0,1380282053,true,
2025-12-09T17:46:27.394+01:00,CHECKIN,22,1,0,1234493144,true,
2025-12-09T17:47:02.532+01:00,CHECKIN,23,1,0,1446831175,true,
2025-12-09T17:47:21.105+01:00,CHECKOUT,22,0,1,1236280656,true,
2025-12-09T17:50:02.934+01:00,CHECKIN,23,1,0,1236359003,true,
2025-12-09T17:50:14.073+01:00,CHECKIN,24,1,0,1414203328,true,
2025-12-09T17:53:42.288+01:00,CHECKIN,25,1,0,1253946590,true,
2025-12-09T17:54:28.954+01:00,CHECKIN,26,1,0,1262767688,true,
2025-12-09T18:00:20.462+01:00,CHECKIN,27,1,0,1305089371,true,
2025-12-09T18:03:34.89+01:00,CHECKOUT,26,0,1,1348223055,true,
2025-12-09T18:04:24.592+01:00,CHECKIN,27,1,0,1380282458,true,
2025-12-09T18:05:59.928+01:00,CHECKIN,28,1,0,1253982118,true,
2025-12-09T18:09:04.868+01:00,CHECKOUT,27,0,1,1447054227,true,
2025-12-09T18:10:14.14+01:00,CHECKIN,28,1,0,1296648082,true,
2025-12-09T18:11:03.338+01:00,CHECKIN,29,1,0,1462865265,true,
2025-12-09T18:11:08.992+01:00,CHECKIN,30,1,0,1531541067,true,
2025-12-09T18:12:25.097+01:00,CHECKOUT,29,0,1,1499833189,true,
2025-12-09T18:16:33.141+01:00,CHECKIN,30,1,0,1257955949,true,
2025-12-09T18:18:17.01+01:00,CHECKIN,31,1,0,1430816172,true,
2025-12-09T18:18:49.821+01:00,CHECKIN,32,1,0,1242553441,true,
2025-12-09T18:19:38.598+01:00,CHECKIN,33,1,0,1430816172,true,
2025-12-09T18:20:54.692+01:00,CHECKIN,34,1,0,1428482424,true,
2025-12-09T18:22:42.015+01:00,CHECKIN,35,1,0,1385848443,true,
2025-12-09T18:24:58.495+01:00,CHECKIN,36,1,0,1401126711,true,
2025-12-09T18:25:22.542+01:00,CHECKIN,37,1,0,1411009040,true,
2025-12-09T18:26:39.779+01:00,CHECKIN,38,1,0,1294553214,true,
2025-12-09T18:26:41.44+01:00,CHECKIN,39,1,0,1460024578,true,
2025-12-09T18:26:53.379+01:00,CHECKIN,40,1,0,1490041217,true,
2025-12-09T18:27:13.057+01:00,CHECKIN,41,1,0,1469692479,true,
2025-12-09T18:27:19.141+01:00,CHECKIN,42,1,0,1490041217,true,
2025-12-09T18:31:28.711+01:00,CHECKIN,43,1,0,1237524664,true,
2025-12-09T18:31:38.058+01:00,CHECKIN,44,1,0,1241413352,true,
2025-12-09T18:35:32.909+01:00,CHECKIN,45,1,0,1358340566,true,
2025-12-09T18:38:01.276+01:00,CHECKIN,46,1,0,1234943093,true,
2025-12-09T18:38:02.557+01:00,CHECKIN,47,1,0,1234943094,true,
2025-12-09T18:40:09.718+01:00,CHECKIN,48,1,0,1270781209,true,
2025-12-09T18:41:24.473+01:00,CHECKIN,49,1,0,1253094114,true,
2025-12-09T18:41:35.288+01:00,CHECKIN,50,1,0,1271688390,true,
2025-12-09T18:46:45.752+01:00,CHECKIN,51,1,0,1301574489,true,
2025-12-09T18:49:03.411+01:00,CHECKOUT,50,0,1,1235828400,true,
2025-12-09T18:49:36.054+01:00,CHECKOUT,49,0,1,1448264346,true,
2025-12-09T18:50:46.036+01:00,CHECKIN,50,1,0,1247970989,true,
2025-12-09T18:51:15.074+01:00,CHECKIN,51,1,0,1235930508,true,
2025-12-09T18:51:55.598+01:00,CHECKIN,52,1,0,1349122662,true,
2025-12-09T18:53:43.394+01:00,CHECKIN,53,1,0,1383810937,true,
2025-12-09T18:54:42.782+01:00,CHECKIN,54,1,0,1242194982,true,
2025-12-09T18:55:21.078+01:00,CHECKIN,55,1,0,1247372828,true,
2025-12-09T18:56:07.91+01:00,CHECKOUT,54,0,1,1298072112,true,
2025-12-09T18:56:46.325+01:00,CHECKIN,55,1,0,1385859280,true,
2025-12-09T18:58:02.165+01:00,CHECKIN,56,1,0,1235877551,true,
2025-12-09T18:58:04.251+01:00,CHECKIN,57,1,0,1321346595,true,
2025-12-09T18:58:57.686+01:00,CHECKIN,58,1,0,1294169820,true,
2025-12-09T18:59:11.497+01:00,CHECKIN,59,1,0,1294169820,true,
2025-12-09T19:00:21.475+01:00,CHECKIN,60,1,0,1348041984,true,
2025-12-09T19:00:33.903+01:00,CHECKIN,61,1,0,1348041984,true,
2025-12-09T19:03:12.641+01:00,CHECKIN,62,1,0,1276333578,true,
2025-12-09T19:04:25.937+01:00,CHECKIN,63,1,0,1243370859,true,
2025-12-09T19:05:19.574+01:00,CHECKIN,64,1,0,1502686995,true,
2025-12-09T19:14:53.415+01:00,CHECKOUT,63,0,1,1306052599,true,
2025-12-09T19:17:06.967+01:00,CHECKIN,64,1,0,1502677345,true,
2025-12-09T19:20:28.661+01:00,CHECKIN,65,1,0,1254542634,true,
2025-12-09T19:24:59.748+01:00,CHECKOUT,64,0,1,1499763243,true,
2025-12-09T19:26:00.286+01:00,CHECKOUT,63,0,1,1271716753,true,
2025-12-09T19:26:24.04+01:00,CHECKIN,64,1,0,1357394742,true,
2025-12-09T19:27:46.395+01:00,CHECKOUT,63,0,1,1303999151,true,
2025-12-09T19:28:22.049+01:00,CHECKOUT,62,0,1,1235703517,true,
2025-12-09T19:28:33.842+01:00,CHECKIN,63,1,0,1372804124,true,
2025-12-09T19:28:37.698+01:00,CHECKIN,64,1,0,1400980516,true,
2025-12-09T19:28:45.046+01:00,CHECKOUT,63,0,1,1396187201,true,
2025-12-09T19:29:03.464+01:00,CHECKOUT,62,0,1,1352078465,true,
2025-12-09T19:29:41.803+01:00,CHECKIN,63,1,0,1461986181,true,
2025-12-09T19:34:30.395+01:00,CHECKIN,64,1,0,1289135807,true,
2025-12-09T19:35:02.107+01:00,CHECKOUT,63,0,1,1450453479,true,
2025-12-09T19:35:04.606+01:00,CHECKOUT,62,0,1,1376990117,true,
2025-12-09T19:35:17.476+01:00,CHECKOUT,61,0,1,1364558973,true,
2025-12-09T19:37:56.386+01:00,CHECKOUT,60,0,1,1392966285,true,
2025-12-09T19:39:25.949+01:00,CHECKOUT,59,0,1,1525020925,true,
2025-12-09T19:39:29.801+01:00,CHECKOUT,58,0,1,1437127835,true,
2025-12-09T19:41:03.791+01:00,CHECKIN,59,1,0,1530138345,true,
2025-12-09T19:41:54.435+01:00,CHECKIN,60,1,0,1299325244,true,
2025-12-09T19:44:55.332+01:00,CHECKOUT,59,0,1,1380282053,true,
2025-12-09T19:46:27.394+01:00,CHECKOUT,58,0,1,1234493144,true,
2025-12-09T19:47:02.532+01:00,CHECKOUT,57,0,1,1446831175,true,
2025-12-09T19:50:02.934+01:00,CHECKOUT,56,0,1,1236359003,true,
2025-12-09T19:50:14.073+01:00,CHECKOUT,55,0,1,1414203328,true,
2025-12-09T19:53:42.288+01:00,CHECKOUT,54,0,1,1253946590,true,
2025-12-09T19:54:28.954+01:00,CHECKOUT,53,0,1,1262767688,true,
2025-12-09T20:00:20.462+01:00,CHECKOUT,52,0,1,1305089371,true,
2025-12-09T20:04:24.592+01:00,CHECKOUT,51,0,1,1380282458,true,
2025-12-09T20:05:59.928+01:00,CHECKOUT,50,0,1,1253982118,true,
2025-12-09T20:10:14.14+01:00,CHECKOUT,49,0,1,1296648082,true,
2025-12-09T20:11:03.338+01:00,CHECKOUT,48,0,1,1462865265,true,
2025-12-09T20:11:08.992+01:00,CHECKOUT,47,0,1,1531541067,true,
2025-12-09T20:14:52.357+01:00,CHECKIN,48,1,0,1235644153,true,
2025-12-09T20:15:08.387+01:00,CHECKIN,49,1,0,1490177208,true,
2025-12-09T20:16:33.141+01:00,CHECKOUT,48,0,1,1257955949,true,
2025-12-09T20:18:17.01+01:00,CHECKOUT,47,0,1,1430816172,false,DOUBLE_SCAN
2025-12-09T20:18:49.821+01:00,CHECKOUT,46,0,1,1242553441,true,
2025-12-09T20:19:38.598+01:00,CHECKOUT,45,0,1,1430816172,true,
2025-12-09T20:20:19.037+01:00,CHECKIN,46,1,0,1405873506,true,
2025-12-09T20:20:54.692+01:00,CHECKOUT,45,0,1,1428482424,true,
2025-12-09T20:22:05.933+01:00,CHECKIN,46,1,0,1247137044,true,
2025-12-09T20:22:42.015+01:00,CHECKOUT,45,0,1,1385848443,true,
2025-12-09T20:24:58.495+01:00,CHECKOUT,44,0,1,1401126711,true,
2025-12-09T20:25:22.542+01:00,CHECKOUT,43,0,1,1411009040,true,
2025-12-09T20:26:39.779+01:00,CHECKOUT,42,0,1,1294553214,true,
2025-12-09T20:26:41.44+01:00,CHECKOUT,41,0,1,1460024578,true,
2025-12-09T20:26:53.379+01:00,CHECKOUT,40,0,1,1490041217,false,DOUBLE_SCAN
2025-12-09T20:27:13.057+01:00,CHECKOUT,39,0,1,1469692479,true,
2025-12-09T20:27:19.141+01:00,CHECKOUT,38,0,1,1490041217,true,
2025-12-09T20:31:28.711+01:00,CHECKOUT,37,0,1,1237524664,true,
2025-12-09T20:31:38.058+01:00,CHECKOUT,36,0,1,1241413352,true,
2025-12-09T20:32:42.642+01:00,CHECKIN,37,1,0,1457307326,true,
2025-12-09T20:35:32.909+01:00,CHECKOUT,36,0,1,1358340566,true,
2025-12-09T20:38:01.276+01:00,CHECKOUT,35,0,1,1234943093,true,
2025-12-09T20:38:02.557+01:00,CHECKOUT,34,0,1,1234943094,true,
2025-12-09T20:40:09.718+01:00,CHECKOUT,33,0,1,1270781209,true,
2025-12-09T20:40:09.94+01:00,CHECKOUT,32,0,1,1530138345,true,
2025-12-09T20:41:24.473+01:00,CHECKOUT,31,0,1,1253094114,true,
2025-12-09T20:41:35.288+01:00,CHECKOUT,30,0,1,1271688390,false,DOUBLE_SCAN
2025-12-09T20:46:45.752+01:00,CHECKOUT,29,0,1,1301574489,true,
2025-12-09T20:50:46.036+01:00,CHECKOUT,28,0,1,1247970989,true,
2025-12-09T20:51:15.074+01:00,CHECKOUT,27,0,1,1235930508,true,
2025-12-09T20:51:55.598+01:00,CHECKOUT,26,0,1,1349122662,true,
2025-12-09T20:53:43.394+01:00,CHECKOUT,25,0,1,1383810937,true,
2025-12-09T20:54:42.782+01:00,CHECKOUT,24,0,1,1242194982,true,
2025-12-09T20:55:21.078+01:00,CHECKOUT,23,0,1,1247372828,true,
2025-12-09T20:56:46.325+01:00,CHECKOUT,22,0,1,1385859280,true,
2025-12-09T20:58:02.165+01:00,CHECKOUT,21,0,1,1235877551,true,
2025-12-09T20:58:04.251+01:00,CHECKOUT,20,0,1,1321346595,true,
2025-12-09T20:58:57.686+01:00,CHECKOUT,19,0,1,1294169820,false,DOUBLE_SCAN
2025-12-09T20:58:59.587+01:00,CHECKIN,20,1,0,1253960946,true,
2025-12-09T20:59:11.497+01:00,CHECKOUT,19,0,1,1294169820,true,
2025-12-09T21:00:21.475+01:00,CHECKOUT,18,0,1,1348041984,false,DOUBLE_SCAN
2025-12-09T21:00:33.903+01:00,CHECKOUT,17,0,1,1348041984,true,
2025-12-09T21:03:12.641+01:00,CHECKOUT,16,0,1,1276333578,true,
2025-12-09T21:04:25.937+01:00,CHECKOUT,15,0,1,1243370859,true,
2025-12-09T21:05:19.574+01:00,CHECKOUT,14,0,1,1502686995,false,DOUBLE_SCAN
2025-12-09T21:11:58.517+01:00,CHECKIN,15,1,0,1527426017,true,
2025-12-09T21:17:06.967+01:00,CHECKOUT,14,0,1,1502677345,true,
2025-12-09T21:20:28.661+01:00,CHECKOUT,13,0,1,1254542634,true,
2025-12-09T21:26:24.04+01:00,CHECKOUT,12,0,1,1357394742,true,
2025-12-09T21:28:33.842+01:00,CHECKOUT,11,0,1,1372804124,true,
2025-12-09T21:28:37.698+01:00,CHECKOUT,10,0,1,1400980516,true,
2025-12-09T21:29:41.803+01:00,CHECKOUT,9,0,1,1461986181,true,
2025-12-09T21:34:30.395+01:00,CHECKOUT,8,0,1,1289135807,true,
2025-12-09T21:41:54.435+01:00,CHECKOUT,7,0,1,1299325244,true,
2025-12-09T22:14:52.357+01:00,CHECKOUT,6,0,1,1235644153,true,
2025-12-09T22:15:08.387+01:00,CHECKOUT,5,0,1,1490177208,true,
2025-12-09T22:20:19.037+01:00,CHECKOUT,4,0,1,1405873506,true,
2025-12-09T22:22:05.933+01:00,CHECKOUT,3,0,1,1247137044,true,
2025-12-09T22:32:42.642+01:00,CHECKOUT,2,0,1,1457307326,true,
2025-12-09T22:58:59.587+01:00,CHECKOUT,1,0,1,1253960946,true,
2025-12-09T23:11:58.517+01:00,CHECKOUT,0,0,1,1527426017,true,
2025-12-10T06:00:31.313+01:00,CHECKIN,1,1,0,1235812559,true,
2025-12-10T06:02:48.086+01:00,CHECKIN,2,1,0,1252777549,true,
2025-12-10T06:11:32.935+01:00,CHECKIN,3,1,0,1298826769,true,
2025-12-10T06:25:35.18+01:00,CHECKIN,4,1,0,1271700638,true,
2025-12-10T06:51:17.579+01:00,CHECKIN,5,1,0,1252608434,true,
2025-12-10T07:10:52.845+01:00,CHECKIN,6,1,0,1253946590,true,
2025-12-10T07:55:25.457+01:00,CHECKIN,7,1,0,1477449158,true,
2025-12-10T08:00:31.313+01:00,CHECKOUT,6,0,1,1235812559,false,DOUBLE_SCAN
2025-12-10T08:02:48.086+01:00,CHECKOUT,5,0,1,1252777549,true,
2025-12-10T08:11:32.935+01:00,CHECKOUT,4,0,1,1298826769,true,
2025-12-10T08:25:35.18+01:00,CHECKOUT,3,0,1,1271700638,false,DOUBLE_SCAN
2025-12-10T08:41:35.83+01:00,CHECKIN,4,1,0,1332580456,true,
2025-12-10T08:51:17.579+01:00,CHECKOUT,3,0,1,1252608434,false,DOUBLE_SCAN
2025-12-10T09:10:52.845+01:00,CHECKOUT,2,0,1,1253946590,true,
2025-12-10T09:55:25.457+01:00,CHECKOUT,1,0,1,1477449158,false,DOUBLE_SCAN
2025-12-10T10:19:11.145+01:00,CHECKIN,2,1,0,1518413315,true,
2025-12-10T10:25:32.137+01:00,CHECKIN,3,1,0,1533314118,true,
2025-12-10T10:41:29.443+01:00,CHECKIN,4,1,0,1226589204,true,
2025-12-10T10:41:35.83+01:00,CHECKOUT,3,0,1,1332580456,true,
2025-12-10T10:42:21.945+01:00,CHECKIN,4,1,0,1260177649,true,
2025-12-10T10:43:36.427+01:00,CHECKIN,5,1,0,1452239714,true,
2025-12-10T10:43:44.126+01:00,CHECKIN,6,1,0,1452239714,true,
2025-12-10T10:55:56.674+01:00,CHECKIN,7,1,0,1304323986,true,
2025-12-10T10:56:03.062+01:00,CHECKIN,8,1,0,1304323986,true,
2025-12-10T11:21:17.93+01:00,CHECKIN,9,1,0,1235828407,true,
2025-12-10T11:55:02.28+01:00,CHECKIN,10,1,0,1527076988,true,
2025-12-10T12:02:29.082+01:00,CHECKIN,11,1,0,1471895296,true,
2025-12-10T12:07:44.345+01:00,CHECKIN,12,1,0,1253974680,true,
2025-12-10T12:19:11.145+01:00,CHECKOUT,11,0,1,1518413315,true,
2025-12-10T12:25:32.137+01:00,CHECKOUT,10,0,1,1533314118,true,
2025-12-10T12:35:17.06+01:00,CHECKIN,11,1,0,1216328311,true,
2025-12-10T12:41:29.443+01:00,CHECKOUT,10,0,1,1226589204,true,
2025-12-10T12:42:21.945+01:00,CHECKOUT,9,0,1,1260177649,true,
2025-12-10T12:43:36.427+01:00,CHECKOUT,8,0,1,1452239714,false,DOUBLE_SCAN
2025-12-10T12:43:44.126+01:00,CHECKOUT,7,0,1,1452239714,true,
2025-12-10T12:50:57.33+01:00,CHECKIN,8,1,0,1329488849,true,
2025-12-10T12:55:56.674+01:00,CHECKOUT,7,0,1,1304323986,false,DOUBLE_SCAN
2025-12-10T12:56:03.062+01:00,CHECKOUT,6,0,1,1304323986,true,
2025-12-10T13:21:17.93+01:00,CHECKOUT,5,0,1,1235828407,false,DOUBLE_SCAN
2025-12-10T13:35:07.388+01:00,CHECKIN,6,1,0,1318037104,true,
2025-12-10T13:42:07.791+01:00,CHECKIN,7,1,0,1469629780,true,
2025-12-10T13:48:12.145+01:00,CHECKOUT,6,0,1,1469629780,true,
2025-12-10T13:49:15.523+01:00,CHECKIN,7,1,0,1499763243,true,
2025-12-10T13:55:02.28+01:00,CHECKOUT,6,0,1,1527076988,true,
2025-12-10T14:02:29.082+01:00,CHECKOUT,5,0,1,1471895296,true,
2025-12-10T14:02:37.703+01:00,CHECKIN,6,1,0,1519562707,true,
2025-12-10T14:07:44.345+01:00,CHECKOUT,5,0,1,1253974680,false,DOUBLE_SCAN
2025-12-10T14:21:54.404+01:00,CHECKIN,6,1,0,1275249930,true,
2025-12-10T14:28:56.551+01:00,CHECKIN,7,1,0,1476463434,true,
2025-12-10T14:35:17.06+01:00,CHECKOUT,6,0,1,1216328311,false,DOUBLE_SCAN
2025-12-10T14:38:48.857+01:00,CHECKIN,7,1,0,1256641893,true,
2025-12-10T14:39:50.385+01:00,CHECKIN,8,1,0,1236280656,true,
2025-12-10T14:40:40.844+01:00,CHECKOUT,7,0,1,1236280656,true,
2025-12-10T14:50:57.33+01:00,CHECKOUT,6,0,1,1329488849,true,
2025-12-10T15:32:03.256+01:00,CHECKIN,7,1,0,1321908180,true,
2025-12-10T15:35:07.388+01:00,CHECKOUT,6,0,1,1318037104,true,
2025-12-10T15:49:15.523+01:00,CHECKOUT,5,0,1,1499763243,false,DOUBLE_SCAN
2025-12-10T16:00:46.257+01:00,CHECKIN,6,1,0,1256636400,true,
2025-12-10T16:02:37.703+01:00,CHECKOUT,5,0,1,1519562707,false,DOUBLE_SCAN
2025-12-10T16:04:06.003+01:00,CHECKIN,6,1,0,1442865739,true,
2025-12-10T16:04:18.418+01:00,CHECKIN,7,1,0,1442865739,true,
2025-12-10T16:04:32.224+01:00,CHECKIN,8,1,0,1308622392,true,
2025-12-10T16:21:54.404+01:00,CHECKOUT,7,0,1,1275249930,true,
2025-12-10T16:28:56.551+01:00,CHECKOUT,6,0,1,1476463434,true,
2025-12-10T16:38:48.857+01:00,CHECKOUT,5,0,1,1256641893,true,
2025-12-10T16:59:13.86+01:00,CHECKIN,6,1,0,1271274500,true,
2025-12-10T17:01:46.251+01:00,CHECKIN,7,1,0,1401126711,true,
2025-12-10T17:02:21.852+01:00,CHECKIN,8,1,0,1448774958,true,
2025-12-10T17:06:28.352+01:00,CHECKIN,9,1,0,1298072112,true,
2025-12-10T17:07:05.337+01:00,CHECKIN,10,1,0,1236119198,true,
2025-12-10T17:08:03.181+01:00,CHECKIN,11,1,0,1437050380,true,
2025-12-10T17:08:13.021+01:00,CHECKIN,12,1,0,1272103022,true,
2025-12-10T17:12:08.355+01:00,CHECKIN,13,1,0,1465366691,true,
2025-12-10T17:13:04.572+01:00,CHECKIN,14,1,0,1357394742,true,
2025-12-10T17:15:52.873+01:00,CHECKIN,15,1,0,1235930500,true,
2025-12-10T17:26:19.52+01:00,CHECKIN,16,1,0,1234493144,true,
2025-12-10T17:26:23.875+01:00,CHECKIN,17,1,0,1254217291,true,
2025-12-10T17:27:25.785+01:00,CHECKIN,18,1,0,1294862678,true,
2025-12-10T17:31:12.525+01:00,CHECKIN,19,1,0,1376990117,true,
2025-12-10T17:32:03.256+01:00,CHECKOUT,18,0,1,1321908180,true,
2025-12-10T17:33:41.249+01:00,CHECKIN,19,1,0,1223276718,true,
2025-12-10T17:36:31.804+01:00,CHECKIN,20,1,0,1259066341,true,
2025-12-10T17:37:49.956+01:00,CHECKIN,21,1,0,1240408269,true,
2025-12-10T17:40:03.923+01:00,CHECKIN,22,1,0,1454601861,true,
2025-12-10T17:42:50.088+01:00,CHECKIN,23,1,0,1229323944,true,
2025-12-10T17:42:57.697+01:00,CHECKIN,24,1,0,1241576152,true,
2025-12-10T17:44:04.819+01:00,CHECKIN,25,1,0,1271690840,true,
2025-12-10T17:44:09.173+01:00,CHECKIN,26,1,0,1259071845,true,
2025-12-10T17:44:53.242+01:00,CHECKIN,27,1,0,1303038855,true,
2025-12-10T17:45:36.129+01:00,CHECKIN,28,1,0,1483217278,true,
2025-12-10T17:47:34.588+01:00,CHECKIN,29,1,0,1256626085,true,
2025-12-10T17:47:37.118+01:00,CHECKIN,30,1,0,1256626088,true,
2025-12-10T17:54:24.406+01:00,CHECKIN,31,1,0,1446801535,true,
2025-12-10T17:55:43.929+01:00,CHECKIN,32,1,0,1538217519,true,
2025-12-10T17:57:12.65+01:00,CHECKIN,33,1,0,1231213736,true,
2025-12-10T18:00:46.257+01:00,CHECKOUT,32,0,1,1256636400,true,
2025-12-10T18:01:55.256+01:00,CHECKIN,33,1,0,1235986982,true,
2025-12-10T18:01:59.165+01:00,CHECKIN,34,1,0,1404160804,true,
2025-12-10T18:04:06.003+01:00,CHECKOUT,33,0,1,1442865739,false,DOUBLE_SCAN
2025-12-10T18:04:18.418+01:00,CHECKOUT,32,0,1,1442865739,true,
2025-12-10T18:04:32.224+01:00,CHECKOUT,31,0,1,1308622392,true,
2025-12-10T18:11:57.479+01:00,CHECKIN,32,1,0,1273235055,true,
2025-12-10T18:12:03.183+01:00,CHECKIN,33,1,0,1298724158,true,
2025-12-10T18:12:40.353+01:00,CHECKIN,34,1,0,1253094114,true,
2025-12-10T18:14:49.249+01:00,CHECKIN,35,1,0,1380282053,true,
2025-12-10T18:18:56.212+01:00,CHECKIN,36,1,0,1229324365,true,
2025-12-10T18:19:42.135+01:00,CHECKIN,37,1,0,1363130581,true,
2025-12-10T18:19:44.205+01:00,CHECKIN,38,1,0,1371219570,true,
2025-12-10T18:59:13.86+01:00,CHECKOUT,37,0,1,1271274500,false,PREDICTION
2025-12-10T19:01:46.251+01:00,CHECKOUT,36,0,1,1401126711,false,PREDICTION
2025-12-10T19:02:21.852+01:00,CHECKOUT,35,0,1,1448774958,false,PREDICTION
2025-12-10T19:06:28.352+01:00,CHECKOUT,34,0,1,1298072112,false,PREDICTION
2025-12-10T19:07:05.337+01:00,CHECKOUT,33,0,1,1236119198,false,PREDICTION
2025-12-10T19:08:03.181+01:00,CHECKOUT,32,0,1,1437050380,false,PREDICTION
2025-12-10T19:08:13.021+01:00,CHECKOUT,31,0,1,1272103022,false,PREDICTION
2025-12-10T19:12:08.355+01:00,CHECKOUT,30,0,1,1465366691,false,PREDICTION
2025-12-10T19:13:04.572+01:00,CHECKOUT,29,0,1,1357394742,false,PREDICTION
2025-12-10T19:15:52.873+01:00,CHECKOUT,28,0,1,1235930500,false,PREDICTION
2025-12-10T19:26:19.52+01:00,CHECKOUT,27,0,1,1234493144,false,PREDICTION
2025-12-10T19:26:23.875+01:00,CHECKOUT,26,0,1,1254217291,false,PREDICTION
2025-12-10T19:27:25.785+01:00,CHECKOUT,25,0,1,1294862678,false,PREDICTION
2025-12-10T19:31:12.525+01:00,CHECKOUT,24,0,1,1376990117,false,PREDICTION
2025-12-10T19:33:41.249+01:00,CHECKOUT,23,0,1,1223276718,false,PREDICTION
2025-12-10T19:36:31.804+01:00,CHECKOUT,22,0,1,1259066341,false,PREDICTION
2025-12-10T19:37:49.956+01:00,CHECKOUT,21,0,1,1240408269,false,PREDICTION
2025-12-10T19:40:03.923+01:00,CHECKOUT,20,0,1,1454601861,false,PREDICTION
2025-12-10T19:42:50.088+01:00,CHECKOUT,19,0,1,1229323944,false,PREDICTION
2025-12-10T19:42:57.697+01:00,CHECKOUT,18,0,1,1241576152,false,PREDICTION
2025-12-10T19:44:04.819+01:00,CHECKOUT,17,0,1,1271690840,false,PREDICTION
2025-12-10T19:44:09.173+01:00,CHECKOUT,16,0,1,1259071845,false,PREDICTION
2025-12-10T19:44:53.242+01:00,CHECKOUT,15,0,1,1303038855,false,PREDICTION
2025-12-10T19:45:36.129+01:00,CHECKOUT,14,0,1,1483217278,false,PREDICTION
2025-12-10T19:47:34.588+01:00,CHECKOUT,13,0,1,1256626085,false,PREDICTION
2025-12-10T19:47:37.118+01:00,CHECKOUT,12,0,1,1256626088,false,PREDICTION
2025-12-10T19:54:24.406+01:00,CHECKOUT,11,0,1,1446801535,false,PREDICTION
2025-12-10T19:55:43.929+01:00,CHECKOUT,10,0,1,1538217519,false,PREDICTION
2025-12-10T19:57:12.65+01:00,CHECKOUT,9,0,1,1231213736,false,PREDICTION
2025-12-10T20:01:55.256+01:00,CHECKOUT,8,0,1,1235986982,false,PREDICTION
2025-12-10T20:01:59.165+01:00,CHECKOUT,7,0,1,1404160804,false,PREDICTION
2025-12-10T20:11:57.479+01:00,CHECKOUT,6,0,1,1273235055,false,PREDICTION
2025-12-10T20:12:03.183+01:00,CHECKOUT,5,0,1,1298724158,false,PREDICTION
2025-12-10T20:12:40.353+01:00,CHECKOUT,4,0,1,1253094114,false,PREDICTION
2025-12-10T20:14:49.249+01:00,CHECKOUT,3,0,1,1380282053,false,PREDICTION
2025-12-10T20:18:56.212+01:00,CHECKOUT,2,0,1,1229324365,false,PREDICTION
2025-12-10T20:19:42.135+01:00,CHECKOUT,1,0,1,1363130581,false,PREDICTION
2025-12-10T20:19:44.205+01:00,CHECKOUT,0,0,1,1371219570,false,PREDICTION
